idHotel	name	description	price
0	Pokój 1 os.	2-os. (możliwość 1 dostawki dla os. dorosłej lub 2 dzieci),  ok. 48 m²,  indywidualnie sterowana klimatyzacja,  łazienka (wanna lub prysznic, wc, suszarka),  telewizor,  telefon,  sejf,  bezpłatne łóżeczko dla dziecka do 2 lat na zamówienie przed przyjazdem,  balkon lub taras,  za opłatą: minibar	5198
0	Pokój 2 os.	2-os. (możliwość 1 dostawki dla os. dorosłej lub 2 dzieci),  ok. 48 m²,  indywidualnie sterowana klimatyzacja,  łazienka (wanna lub prysznic, wc, suszarka),  telewizor,  telefon,  sejf,  bezpłatne łóżeczko dla dziecka do 2 lat na zamówienie przed przyjazdem,  balkon lub taras,  za opłatą: minibar	3799
0	Pokój 2 os. boczny widok na morze	2-os. (możliwość 1 dostawki dla os. dorosłej lub 2 dzieci),  ok. 48 m²,  indywidualnie sterowana klimatyzacja,  łazienka (wanna lub prysznic, wc, suszarka),  telewizor,  telefon,  sejf,  bezpłatne łóżeczko dla dziecka do 2 lat na zamówienie przed przyjazdem,  balkon lub taras,  widok boczny na morze,  za opłatą: minibar	4299
0	Pokój 2 os. + 1 dostawka	2-os. (możliwość 1 dostawki dla os. dorosłej lub 2 dzieci),  ok. 48 m²,  indywidualnie sterowana klimatyzacja,  łazienka (wanna lub prysznic, wc, suszarka),  telewizor,  telefon,  sejf,  bezpłatne łóżeczko dla dziecka do 2 lat na zamówienie przed przyjazdem,  balkon lub taras,  za opłatą: minibar	3799
0	Pokój 2 os. + 1 dostawka, boczny widok na morze	2-os. (możliwość 1 dostawki dla os. dorosłej lub 2 dzieci),  ok. 48 m²,  indywidualnie sterowana klimatyzacja,  łazienka (wanna lub prysznic, wc, suszarka),  telewizor,  telefon,  sejf,  bezpłatne łóżeczko dla dziecka do 2 lat na zamówienie przed przyjazdem,  balkon lub taras,  widok boczny na morze,  za opłatą: minibar	4549
0	Pokój superior 2 os. + 1 dostawka	2-os. (możliwość 1 dostawki dla os. dorosłej lub 2 dzieci),  ok. 50 m²,  indywidualnie sterowana klimatyzacja,  łazienka (wanna lub prysznic, wc, suszarka),  telewizor,  telefon,  sejf,  bezpłatne łóżeczko dla dziecka do 2 lat na zamówienie przed przyjazdem,  balkon lub taras,  widok na morze,  za opłatą: minibar	4849
1	Pokój superior 1 os.	2-os. (możliwość 1 dostawki),  ok. 17-20 m²,  zadbany,  indywidualnie sterowana klimatyzacja,  łazienka (wanna lub prysznic, wc, suszarka),  telewizor,  lodówka,  bezpłatne łóżeczko dla dziecka do 2 lat na zamówienie przed przyjazdem,  balkon lub taras (stolik i krzesełka),  widok na ogród lub basen	3000
1	Pokój superior 2 os.	2-os. (możliwość 1 dostawki),  ok. 17-20 m²,  zadbany,  indywidualnie sterowana klimatyzacja,  łazienka (wanna lub prysznic, wc, suszarka),  telewizor,  lodówka,  bezpłatne łóżeczko dla dziecka do 2 lat na zamówienie przed przyjazdem,  balkon lub taras (stolik i krzesełka),  widok na ogród lub basen	1749
1	Pokój rodzinny 2 os.	2-os. (możliwość 1 lub 2 dostawek),  ok. 30 m²,  w nowym budynku,  indywidualnie sterowana klimatyzacja,  łazienka (wanna lub prysznic, wc, suszarka),  telewizor,  lodówka,  telefon,  bezpłatne łóżeczko dla dziecka do 2 lat na zamówienie przed przyjazdem,  balkon lub taras (stolik i krzesełka),  widok na ogród lub basen,  część pokoi dwupomieszczeniowa	2115
1	Pokój superior 2 os. + 1 dostawka	2-os. (możliwość 1 dostawki),  ok. 17-20 m²,  zadbany,  indywidualnie sterowana klimatyzacja,  łazienka (wanna lub prysznic, wc, suszarka),  telewizor,  lodówka,  bezpłatne łóżeczko dla dziecka do 2 lat na zamówienie przed przyjazdem,  balkon lub taras (stolik i krzesełka),  widok na ogród lub basen	1749
1	Pokój rodzinny 3 os.	2-os. (możliwość 1 lub 2 dostawek),  ok. 30 m²,  w nowym budynku,  indywidualnie sterowana klimatyzacja,  łazienka (wanna lub prysznic, wc, suszarka),  telewizor,  lodówka,  telefon,  bezpłatne łóżeczko dla dziecka do 2 lat na zamówienie przed przyjazdem,  balkon lub taras (stolik i krzesełka),  widok na ogród lub basen,  część pokoi dwupomieszczeniowa	2298
1	Pokój rodzinny 4 os.	2-os. (możliwość 1 lub 2 dostawek),  ok. 30 m²,  w nowym budynku,  indywidualnie sterowana klimatyzacja,  łazienka (wanna lub prysznic, wc, suszarka),  telewizor,  lodówka,  telefon,  bezpłatne łóżeczko dla dziecka do 2 lat na zamówienie przed przyjazdem,  balkon lub taras (stolik i krzesełka),  widok na ogród lub basen,  część pokoi dwupomieszczeniowa	1932
2	Pokój 1 os.	2-os. (możliwość 1 dostawki – sofa),  ok. 32 m²,  klimatyzowany,  łazienka (prysznic, wc; suszarka),  telewizja satelitarna,  telefon,  zestaw do kawy/herbaty,  sejf,  minibar (płatny),  balkon	1972
2	Pokój 2 os.	2-os. (możliwość 1 dostawki – sofa),  ok. 32 m²,  klimatyzowany,  łazienka (prysznic, wc; suszarka),  telewizja satelitarna,  telefon,  zestaw do kawy/herbaty,  sejf,  minibar (płatny),  balkon	1552
2	Pokój 2 os. + 1 dostawka	2-os. (możliwość 1 dostawki – sofa),  ok. 32 m²,  klimatyzowany,  łazienka (prysznic, wc; suszarka),  telewizja satelitarna,  telefon,  zestaw do kawy/herbaty,  sejf,  minibar (płatny),  balkon	1552
3	Pokój 1 os.	2-os. (możliwość 1 dostawki dla os. dorosłej lub 2 dzieci),  ok. 30 m²,  zadbany,  indywidualnie sterowana klimatyzacja,  łazienka (wanna z prysznicem, wc; suszarka),  telewizor,  sejf,  zestaw do kawy/herbaty,  bezpłatne łóżeczko dla dziecka do 2 lat na zamówienie przed przyjazdem,  balkon lub taras (stolik i krzesełka),  za opłatą: internet bezprzewodowy, minibar (uzupełniany na życzenie, płatny wg konsumpcji)	6148
3	Pokój 2 os.	2-os. (możliwość 1 dostawki dla os. dorosłej lub 2 dzieci),  ok. 30 m²,  zadbany,  indywidualnie sterowana klimatyzacja,  łazienka (wanna z prysznicem, wc; suszarka),  telewizor,  sejf,  zestaw do kawy/herbaty,  bezpłatne łóżeczko dla dziecka do 2 lat na zamówienie przed przyjazdem,  balkon lub taras (stolik i krzesełka),  za opłatą: internet bezprzewodowy, minibar (uzupełniany na życzenie, płatny wg konsumpcji)	4949
3	Pokój 2 os. + 1 dostawka	2-os. (możliwość 1 dostawki dla os. dorosłej lub 2 dzieci),  ok. 30 m²,  zadbany,  indywidualnie sterowana klimatyzacja,  łazienka (wanna z prysznicem, wc; suszarka),  telewizor,  sejf,  zestaw do kawy/herbaty,  bezpłatne łóżeczko dla dziecka do 2 lat na zamówienie przed przyjazdem,  balkon lub taras (stolik i krzesełka),  za opłatą: internet bezprzewodowy, minibar (uzupełniany na życzenie, płatny wg konsumpcji)	4949
5	Pokój superior 1 os.	2-os. (możliwość 1 dostawki – łóżko pojedyncze),  ok. 36 m²,  elegancki i luksusowy,  indywidualnie sterowana klimatyzacja,  łazienka (prysznic, wc, suszarka),  szlafrok, kapcie,  internet bezprzewodowy,  telewizja satelitarna,  telefon,  zestaw do kawy/herbaty,  sejf,  minibar,  balkon lub taras (stolik i krzesełka),  raz na pobyt kolacja w restauracji á la carte	5798
6	Pokój 1 os.	Pokój 1 os.	5602
6	Pokój 2 os.	2-os. (możliwość 1 dostawki dla os. dorosłej lub 2 dzieci),  ok. 32 m²,  zadbany i nowoczesny,  centralna klimatyzacja,  łazienka (wanna lub prysznic, suszarka),  internet bezprzewodowy,  telewizja satelitarna,  telefon,  sejf,  lodówka,  bezpłatne łóżeczko dla dziecka do 2 lat na zamówienie przed przyjazdem	3809
6	Pokój 2 os. boczny widok na morze	2-os. (możliwość 1 dostawki dla dziecka),  ok. 32 m²,  zadbany i nowoczesny,  centralna klimatyzacja,  łazienka (wanna lub prysznic, suszarka),  internet bezprzewodowy,  telewizja satelitarna,  telefon,  sejf,  lodówka,  bezpłatne łóżeczko dla dziecka do 2 lat na zamówienie przed przyjazdem,  balkon (stolik i krzesełka),  boczny widok na morze	4023
6	Pokój 2 os. widok na morze	Pokój 2 os. widok na morze	4067
6	Pokój 2 os. + 1 dostawka	2-os. (możliwość 1 dostawki dla os. dorosłej lub 2 dzieci),  ok. 32 m²,  zadbany i nowoczesny,  centralna klimatyzacja,  łazienka (wanna lub prysznic, suszarka),  internet bezprzewodowy,  telewizja satelitarna,  telefon,  sejf,  lodówka,  bezpłatne łóżeczko dla dziecka do 2 lat na zamówienie przed przyjazdem	3809
6	Pokój 2 os. + 1 dostawka, boczny widok na morze	2-os. (możliwość 1 dostawki dla dziecka),  ok. 32 m²,  zadbany i nowoczesny,  centralna klimatyzacja,  łazienka (wanna lub prysznic, suszarka),  internet bezprzewodowy,  telewizja satelitarna,  telefon,  sejf,  lodówka,  bezpłatne łóżeczko dla dziecka do 2 lat na zamówienie przed przyjazdem,  balkon (stolik i krzesełka),  boczny widok na morze	4130
6	Pokój 2 os. + 1 dostawka, widok na morze	Pokój 2 os. + 1 dostawka, widok na morze	4196
8	Pokój 1 os.	2-os. (możliwość 1 dostawki),  ok. 30 m²,  nowoczesny,  klimatyzowany,  łazienka (prysznic, wc, suszarka),  internet bezprzewodowy,  telewizor,  telefon,  lodówka,  sejf,  balkon,  za opłatą: minibar (wg zużycia)	5199
8	Pokój 2 os.	2-os. (możliwość 1 dostawki),  ok. 30 m²,  nowoczesny,  klimatyzowany,  łazienka (prysznic, wc, suszarka),  internet bezprzewodowy,  telewizor,  telefon,  lodówka,  sejf,  balkon,  za opłatą: minibar (wg zużycia)	2899
8	Pokój 2 os. widok na morze	2-os. (możliwość 1 dostawki),  ok. 30 m²,  nowoczesny,  klimatyzowany,  łazienka (prysznic, wc, suszarka),  internet bezprzewodowy,  telewizor,  telefon,  lodówka,  sejf,  balkon,  widok na morze,  za opłatą: minibar (wg zużycia)	3299
8	Pokój 2 os. + 1 dostawka	2-os. (możliwość 1 dostawki),  ok. 30 m²,  nowoczesny,  klimatyzowany,  łazienka (prysznic, wc, suszarka),  internet bezprzewodowy,  telewizor,  telefon,  lodówka,  sejf,  balkon,  za opłatą: minibar (wg zużycia)	2899
10	Pokój 1 os.	2-os. (możliwość 1 dostawki),  ok. 30 m²,  indywidualnie sterowana klimatyzacja,  łazienka (wanna lub prysznic, wc),  telewizja satelitarna,  telefon,  sejf,  lodówka,  balkon,  widok na ogród	7439
10	Pokój 2 os.	2-os. (możliwość 1 dostawki),  ok. 30 m²,  indywidualnie sterowana klimatyzacja,  łazienka (wanna lub prysznic, wc),  telewizja satelitarna,  telefon,  sejf,  lodówka,  balkon,  widok na ogród	5449
10	Pokój 2 os. widok na morze	2-os. (możliwość 1 dostawki),  ok. 30 m²,  indywidualnie sterowana klimatyzacja,  łazienka (wanna lub prysznic, wc),  telewizja satelitarna,  telefon,  sejf,  lodówka,  balkon,  widok na morze	6149
10	Pokój 2 os. + 1 dostawka	2-os. (możliwość 1 dostawki),  ok. 30 m²,  indywidualnie sterowana klimatyzacja,  łazienka (wanna lub prysznic, wc),  telewizja satelitarna,  telefon,  sejf,  lodówka,  balkon,  widok na ogród	5449
10	Pokój 2 os. + 1 dostawka, widok na morze	2-os. (możliwość 1 dostawki),  ok. 30 m²,  indywidualnie sterowana klimatyzacja,  łazienka (wanna lub prysznic, wc),  telewizja satelitarna,  telefon,  sejf,  lodówka,  balkon,  widok na morze	6499
10	Pokój rodzinny 3 os.	dla maks. 4 os,  ok. 50 m²,  indywidualnie sterowana klimatyzacja,  łazienka (wanna lub prysznic, wc),  telewizja satelitarna,  telefon,  sejf,  lodówka,  balkon,  widok na ogród	6799
10	Pokój rodzinny 4 os.	dla maks. 4 os,  ok. 50 m²,  indywidualnie sterowana klimatyzacja,  łazienka (wanna lub prysznic, wc),  telewizja satelitarna,  telefon,  sejf,  lodówka,  balkon,  widok na ogród	5899
11	Pokój superior 1 os.	2-os. (możliwość 1 lub 2 dostawek dla dzieci),  elegancki, nowoczesny,  ok. 40 m²,  indywidualnie sterowana klimatyzacja,  łazienka (prysznic, wc, suszarka),  telewizja satelitarna,  sejf,  zestaw do kawy/herbaty,  bezpłatne łóżeczko dla dziecka do 2 lat na zamówienie przed przyjazdem,  balkon (stolik i krzesełka),  za opłatą: minibar (płatny wg konsumpcji)	4498
11	Pokój superior 2 os.	2-os. (możliwość 1 lub 2 dostawek dla dzieci),  elegancki, nowoczesny,  ok. 40 m²,  indywidualnie sterowana klimatyzacja,  łazienka (prysznic, wc, suszarka),  telewizja satelitarna,  sejf,  zestaw do kawy/herbaty,  bezpłatne łóżeczko dla dziecka do 2 lat na zamówienie przed przyjazdem,  balkon (stolik i krzesełka),  za opłatą: minibar (płatny wg konsumpcji)	3499
11	Pokój superior 2 os. widok na morze	2-os. (możliwość 1 lub 2 dostawek dla dzieci),  elegancki, nowoczesny,  ok. 40 m²,  indywidualnie sterowana klimatyzacja,  łazienka (prysznic, wc, suszarka),  telewizja satelitarna,  sejf,  zestaw do kawy/herbaty,  bezpłatne łóżeczko dla dziecka do 2 lat na zamówienie przed przyjazdem,  balkon (stolik i krzesełka),  widok na morze,  za opłatą: minibar (płatny wg konsumpcji)	3799
11	Pokój deluxe 2 os.	2-os. (możliwość 1 lub 2 dostawek dla dzieci),  ok. 40 m²,  indywidualnie sterowana klimatyzacja,  łazienka (prysznic, wc, suszarka),  internet bezprzewodowy w miejscach ogólnodostępnych,  telewizja satelitarna,  sejf,  zestaw do kawy/herbaty,  napoje bezalkoholowe i lokalne alkohole dostępne całodobowo,  raz na pobyt kolacja w restauracji à la carte,  bezpłatne łóżeczko dla dziecka do 2 lat na zamówienie przed przyjazdem,  balkon (stolik i krzesełka),  za opłatą: minibar (płatny wg konsumpcji)	3899
11	Pokój premium jacuzzi 2 os.	2-os. (możliwość 1 lub 2 dostawek dla dzieci),  ok. 50 m²,  indywidualnie sterowana klimatyzacja,  łazienka z jacuzzi (prysznic, wc, suszarka; szlafroki i kapcie),  internet bezprzewodowy w miejscach ogólnodostępnych,  telewizja satelitarna,  sejf,  zestaw do kawy/herbaty,  minibar,  napoje bezalkoholowe i lokalne alkohole dostępne całodobowo,  kolacje w restauracji à la carte bez limitu,  wstęp do VIP lounge,  bezpłatne łóżeczko dla dziecka do 2 lat na zamówienie przed przyjazdem,  balkon (stolik i krzesełka)	4099
11	Pokój superior 2 os. + 1 dostawka	2-os. (możliwość 1 lub 2 dostawek dla dzieci),  elegancki, nowoczesny,  ok. 40 m²,  indywidualnie sterowana klimatyzacja,  łazienka (prysznic, wc, suszarka),  telewizja satelitarna,  sejf,  zestaw do kawy/herbaty,  bezpłatne łóżeczko dla dziecka do 2 lat na zamówienie przed przyjazdem,  balkon (stolik i krzesełka),  za opłatą: minibar (płatny wg konsumpcji)	3499
11	Pokój deluxe 2 os. + 1 dostawka	2-os. (możliwość 1 lub 2 dostawek dla dzieci),  ok. 40 m²,  indywidualnie sterowana klimatyzacja,  łazienka (prysznic, wc, suszarka),  internet bezprzewodowy w miejscach ogólnodostępnych,  telewizja satelitarna,  sejf,  zestaw do kawy/herbaty,  napoje bezalkoholowe i lokalne alkohole dostępne całodobowo,  raz na pobyt kolacja w restauracji à la carte,  bezpłatne łóżeczko dla dziecka do 2 lat na zamówienie przed przyjazdem,  balkon (stolik i krzesełka),  za opłatą: minibar (płatny wg konsumpcji)	4099
11	Pokój premium jacuzzi 2 os. + 1 dostawka	2-os. (możliwość 1 lub 2 dostawek dla dzieci),  ok. 50 m²,  indywidualnie sterowana klimatyzacja,  łazienka z jacuzzi (prysznic, wc, suszarka; szlafroki i kapcie),  internet bezprzewodowy w miejscach ogólnodostępnych,  telewizja satelitarna,  sejf,  zestaw do kawy/herbaty,  minibar,  napoje bezalkoholowe i lokalne alkohole dostępne całodobowo,  kolacje w restauracji à la carte bez limitu,  wstęp do VIP lounge,  bezpłatne łóżeczko dla dziecka do 2 lat na zamówienie przed przyjazdem,  balkon (stolik i krzesełka)	4399
12	Pokój 1 os. Pokój 1 os.	Pokój 1 os. Pokój 1 os.	7089
12	Pokój 2 os.	2-os.,  ok. 20 m²,  klimatyzowany,  wentylator sufitowy,  łazienka (prysznic, wc, suszarka, zestaw kosmetyków, lusterko kosmetyczne),  moskitiera,  internet bezprzewodowy,  telewizja satelitarna,  zestaw do kawy/herbaty,  sejf,  balkon lub taras,  za opłatą: minibar (wg konsumpcji)	3399
13	Pokój 1 os. Pokój 1 os.	Pokój 1 os. Pokój 1 os.	3998
13	Pokój deluxe 2 os.	2-os. (możliwość 1 dostawki dla dziecka),  ok. 40 m²,  indywidualnie sterowana klimatyzacja,  łazienka (wanna lub prysznic, wc, suszarka),  internet bezprzewodowy (limitowana prędkość),  telewizja satelitarna,  telefon,  zestaw do kawy/herbaty,  sejf,  bezpłatne łóżeczko dla dziecka do 2 lat na zamówienie przed przyjazdem,  balkon lub taras,  widok na basen,  za opłatą: minibar	2899
13	Pokój premium deluxe 2 os.	2-os. (możliwość 1 dostawki dla os. dorosłej lub 2 dzieci – łóżko pojedyncze),  ok. 48 m²,  łazienka (wanna lub prysznic, wc, suszarka),  internet bezprzewodowy (limitowana prędkość),  telewizja satelitarna,  telefon,  zestaw do kawy/herbaty,  sejf,  bezpłatne łóżeczko dla dziecka do 2 lat na zamówienie przed przyjazdem,  balkon lub taras,  za opłatą: minibar	3199
13	Pokój deluxe 2 os. widok na morze	Pokój deluxe 2 os. widok na morze	3299
13	Pokój premium deluxe 2 os. widok na morze	Pokój premium deluxe 2 os. widok na morze	3699
13	Pokój premium jacuzzi 2 os.	dla osób powyżej 16. roku życia,  2-os.,  ok. 55 m²,  indywidualnie sterowana klimatyzacja,  łazienka (jacuzzi, wanna lub prysznic, wc, suszarka),  internet bezprzewodowy (limitowana prędkość),  telewizja satelitarna,  telefon,  zestaw do kawy/herbaty,  sejf,  bezpłatne łóżeczko dla dziecka do 2 lat na zamówienie przed przyjazdem,  balkon lub taras,  za opłatą: minibar	5299
13	Pokój premium deluxe 2 os. + 1 dostawka	2-os. (możliwość 1 dostawki dla os. dorosłej lub 2 dzieci – łóżko pojedyncze),  ok. 48 m²,  łazienka (wanna lub prysznic, wc, suszarka),  internet bezprzewodowy (limitowana prędkość),  telewizja satelitarna,  telefon,  zestaw do kawy/herbaty,  sejf,  bezpłatne łóżeczko dla dziecka do 2 lat na zamówienie przed przyjazdem,  balkon lub taras,  za opłatą: minibar	3049
13	Pokój deluxe 2 os. + 1 dostawka, widok na morze	Pokój deluxe 2 os. + 1 dostawka, widok na morze	3199
13	Pokój premium deluxe 2 os. + 1 dostawka, widok na morze	Pokój premium deluxe 2 os. + 1 dostawka, widok na morze	3799
13	Pokój rodzinny 3 os.	2-os. (możliwość dostawki dla 2 dzieci – rozkładana sofa piętrowa),  ok. 50 m²,  łazienka (wanna lub prysznic, wc, suszarka),  wydzielona część z łóżkiem dla dzieci,  internet bezprzewodowy (limitowana prędkość),  telewizja satelitarna,  telefon,  zestaw do kawy/herbaty,  sejf,  bezpłatne łóżeczko dla dziecka do 2 lat na zamówienie przed przyjazdem,  balkon lub taras,  za opłatą: minibar	3799
13	Pokój premium jacuzzi 2 os. + 1 dostawka	dla osób powyżej 16. roku życia,  2-os.,  ok. 55 m²,  indywidualnie sterowana klimatyzacja,  łazienka (jacuzzi, wanna lub prysznic, wc, suszarka),  internet bezprzewodowy (limitowana prędkość),  telewizja satelitarna,  telefon,  zestaw do kawy/herbaty,  sejf,  bezpłatne łóżeczko dla dziecka do 2 lat na zamówienie przed przyjazdem,  balkon lub taras,  za opłatą: minibar	6199
15	Pokój 1 os.	2-os. (możliwość 1 dostawki),  ok. 31 m²,  indywidualnie sterowana klimatyzacja,  łazienka (wanna lub prysznic, wc, suszarka),  telefon,  sejf,  bezpłatne łóżeczko dla dziecka do 2 lat na zamówienie przed przyjazdem,  balkon, taras lub ogródek (stolik i krzesełka),  widok na ogród lub basen,  za opłatą: minibar	10459
15	Pokój 2 os.	2-os. (możliwość 1 dostawki),  ok. 31 m²,  indywidualnie sterowana klimatyzacja,  łazienka (wanna lub prysznic, wc, suszarka),  telefon,  sejf,  bezpłatne łóżeczko dla dziecka do 2 lat na zamówienie przed przyjazdem,  balkon, taras lub ogródek (stolik i krzesełka),  widok na ogród lub basen,  za opłatą: minibar	7169
15	Pokój superior 2 os.	2-os. (możliwość 1 dostawki),  ok. 31 m²,  indywidualnie sterowana klimatyzacja,  łazienka (wanna lub prysznic, wc, suszarka),  telefon,  sejf,  bezpłatne łóżeczko dla dziecka do 2 lat na zamówienie przed przyjazdem,  balkon, taras lub ogródek (stolik i krzesełka, suszarka),  widok na ogród,  za opłatą: zestaw do kawy/herbaty, minibar	8229
15	Pokój deluxe 2 os.	2-os. (możliwość 1 dostawki),  ok. 31 m²,  indywidualnie sterowana klimatyzacja,  łazienka (wanna lub prysznic, wc, suszarka),  telefon,  sejf,  bezpłatne łóżeczko dla dziecka do 2 lat na zamówienie przed przyjazdem,  balkon, taras lub ogródek (stolik i krzesełka, suszarka),  częściowy widok na morze,  za opłatą: zestaw do kawy/herbaty, minibar	8949
15	Pokój 2 os. + 1 dostawka	2-os. (możliwość 1 dostawki),  ok. 31 m²,  indywidualnie sterowana klimatyzacja,  łazienka (wanna lub prysznic, wc, suszarka),  telefon,  sejf,  bezpłatne łóżeczko dla dziecka do 2 lat na zamówienie przed przyjazdem,  balkon, taras lub ogródek (stolik i krzesełka),  widok na ogród lub basen,  za opłatą: minibar	7169
15	Pokój superior 2 os. + 1 dostawka	2-os. (możliwość 1 dostawki),  ok. 31 m²,  indywidualnie sterowana klimatyzacja,  łazienka (wanna lub prysznic, wc, suszarka),  telefon,  sejf,  bezpłatne łóżeczko dla dziecka do 2 lat na zamówienie przed przyjazdem,  balkon, taras lub ogródek (stolik i krzesełka, suszarka),  widok na ogród,  za opłatą: zestaw do kawy/herbaty, minibar	8759
15	Pokój deluxe 2 os. + 1 dostawka	2-os. (możliwość 1 dostawki),  ok. 31 m²,  indywidualnie sterowana klimatyzacja,  łazienka (wanna lub prysznic, wc, suszarka),  telefon,  sejf,  bezpłatne łóżeczko dla dziecka do 2 lat na zamówienie przed przyjazdem,  balkon, taras lub ogródek (stolik i krzesełka, suszarka),  częściowy widok na morze,  za opłatą: zestaw do kawy/herbaty, minibar	9839
16	Pokój 1 os.	2-os. (możliwość 1 dostawki),  ok. 40 m²,  nowoczesny i zadbany,  indywidualnie starowana klimatyzacja,  łazienka (wanna lub prysznic, wc, suszarka),  internet bezprzewodowy,  telewizor,  telefon,  lodówka,  sejf,  bezpłatne łóżeczko dla dziecka do 2 lat na zamówienie przed przyjazdem,  balkon lub taras (stolik i krzesełka)	3433
16	Pokój 2 os.	2-os. (możliwość 1 dostawki),  ok. 40 m²,  nowoczesny i zadbany,  indywidualnie starowana klimatyzacja,  łazienka (wanna lub prysznic, wc, suszarka),  internet bezprzewodowy,  telewizor,  telefon,  lodówka,  sejf,  bezpłatne łóżeczko dla dziecka do 2 lat na zamówienie przed przyjazdem,  balkon lub taras (stolik i krzesełka)	2219
16	Pokój 2 os. + 1 dostawka	2-os. (możliwość 1 dostawki),  ok. 40 m²,  nowoczesny i zadbany,  indywidualnie starowana klimatyzacja,  łazienka (wanna lub prysznic, wc, suszarka),  internet bezprzewodowy,  telewizor,  telefon,  lodówka,  sejf,  bezpłatne łóżeczko dla dziecka do 2 lat na zamówienie przed przyjazdem,  balkon lub taras (stolik i krzesełka)	2219
18	Pokój 1 os.	2-os. (możliwość 1 lub 2 dostawek w formie dwuosobowej sofy),  ok. 22 m²,  klimatyzowany,  łazienka (wanna lub prysznic, wc, suszarka),  telewizja satelitarna,  lodówka,  bezpłatne łóżeczko dla dziecka do 2 lat na zamówienie przed przyjazdem,  balkon lub taras (stolik i krzesełka),  boczny i frontalny widok na morze za dopłatą,  za opłatą: sejf (ok. 2 EUR/dzień), czajnik (ok. 1 EUR/dzień), minibar (na życzenie, płatny wg konsumpcji), zestaw do kawy i herbaty (na życzenie, ok. 3 EUR/dzień), internet bezprzewodowy (jedno urządzenie – ok. 6 EUR/dzień, ok. 12 EUR/3 dni, ok. 19 EUR/7 dni)	6308
18	Pokój 2 os.	2-os. (możliwość 1 lub 2 dostawek w formie dwuosobowej sofy),  ok. 22 m²,  klimatyzowany,  łazienka (wanna lub prysznic, wc, suszarka),  telewizja satelitarna,  lodówka,  bezpłatne łóżeczko dla dziecka do 2 lat na zamówienie przed przyjazdem,  balkon lub taras (stolik i krzesełka),  boczny i frontalny widok na morze za dopłatą,  za opłatą: sejf (ok. 2 EUR/dzień), czajnik (ok. 1 EUR/dzień), minibar (na życzenie, płatny wg konsumpcji), zestaw do kawy i herbaty (na życzenie, ok. 3 EUR/dzień), internet bezprzewodowy (jedno urządzenie – ok. 6 EUR/dzień, ok. 12 EUR/3 dni, ok. 19 EUR/7 dni)	5009
18	Pokój 2 os. boczny widok na morze	2-os. (możliwość 1 lub 2 dostawek w formie dwuosobowej sofy),  ok. 22 m²,  klimatyzowany,  łazienka (wanna lub prysznic, wc, suszarka),  telewizja satelitarna,  lodówka,  bezpłatne łóżeczko dla dziecka do 2 lat na zamówienie przed przyjazdem,  balkon lub taras (stolik i krzesełka),  frontalny widok na morze,  za opłatą: sejf (ok. 2 EUR/dzień), czajnik (ok. 1 EUR/dzień), minibar (na życzenie, płatny wg konsumpcji), zestaw do kawy i herbaty (na życzenie, ok. 3 EUR/dzień), internet bezprzewodowy (jedno urządzenie – ok. 6 EUR/dzień, ok. 12 EUR/3 dni, ok. 19 EUR/7 dni),  widok na morze	5607
18	Pokój 2 os. widok na morze	2-os. (możliwość 1 lub 2 dostawek w formie dwuosobowej sofy),  ok. 22 m²,  klimatyzowany,  łazienka (wanna lub prysznic, wc, suszarka),  telewizja satelitarna,  lodówka,  bezpłatne łóżeczko dla dziecka do 2 lat na zamówienie przed przyjazdem,  balkon lub taras (stolik i krzesełka),  frontalny widok na morze,  za opłatą: sejf (ok. 2 EUR/dzień), czajnik (ok. 1 EUR/dzień), minibar (na życzenie, płatny wg konsumpcji), zestaw do kawy i herbaty (na życzenie, ok. 3 EUR/dzień), internet bezprzewodowy (jedno urządzenie – ok. 6 EUR/dzień, ok. 12 EUR/3 dni, ok. 19 EUR/7 dni),  widok na morze	6007
18	Pokój 2 os. + 1 dostawka	2-os. (możliwość 1 lub 2 dostawek w formie dwuosobowej sofy),  ok. 22 m²,  klimatyzowany,  łazienka (wanna lub prysznic, wc, suszarka),  telewizja satelitarna,  lodówka,  bezpłatne łóżeczko dla dziecka do 2 lat na zamówienie przed przyjazdem,  balkon lub taras (stolik i krzesełka),  boczny i frontalny widok na morze za dopłatą,  za opłatą: sejf (ok. 2 EUR/dzień), czajnik (ok. 1 EUR/dzień), minibar (na życzenie, płatny wg konsumpcji), zestaw do kawy i herbaty (na życzenie, ok. 3 EUR/dzień), internet bezprzewodowy (jedno urządzenie – ok. 6 EUR/dzień, ok. 12 EUR/3 dni, ok. 19 EUR/7 dni)	5009
18	Pokój 2 os. + 1 dostawka, boczny widok na morze	2-os. (możliwość 1 lub 2 dostawek w formie dwuosobowej sofy),  ok. 22 m²,  klimatyzowany,  łazienka (wanna lub prysznic, wc, suszarka),  telewizja satelitarna,  lodówka,  bezpłatne łóżeczko dla dziecka do 2 lat na zamówienie przed przyjazdem,  balkon lub taras (stolik i krzesełka),  frontalny widok na morze,  za opłatą: sejf (ok. 2 EUR/dzień), czajnik (ok. 1 EUR/dzień), minibar (na życzenie, płatny wg konsumpcji), zestaw do kawy i herbaty (na życzenie, ok. 3 EUR/dzień), internet bezprzewodowy (jedno urządzenie – ok. 6 EUR/dzień, ok. 12 EUR/3 dni, ok. 19 EUR/7 dni),  widok na morze	5906
18	Pokój 2 os. + 1 dostawka, widok na morze	2-os. (możliwość 1 lub 2 dostawek w formie dwuosobowej sofy),  ok. 22 m²,  klimatyzowany,  łazienka (wanna lub prysznic, wc, suszarka),  telewizja satelitarna,  lodówka,  bezpłatne łóżeczko dla dziecka do 2 lat na zamówienie przed przyjazdem,  balkon lub taras (stolik i krzesełka),  frontalny widok na morze,  za opłatą: sejf (ok. 2 EUR/dzień), czajnik (ok. 1 EUR/dzień), minibar (na życzenie, płatny wg konsumpcji), zestaw do kawy i herbaty (na życzenie, ok. 3 EUR/dzień), internet bezprzewodowy (jedno urządzenie – ok. 6 EUR/dzień, ok. 12 EUR/3 dni, ok. 19 EUR/7 dni),  widok na morze	6506
18	Suite 3 os.	3-os. (możliwość 1 dostawki - rozkładana sofa),  ok. 44 m²,  sypialnia i pokój dzienny oddzielone drzwiami,  klimatyzowany,  2 łazienki (wanna lub prysznic, wc, suszarka),  telewizja satelitarna,  lodówka,  bezpłatne łóżeczko dla dziecka do 2 lat na zamówienie przed przyjazdem,  balkon lub taras (stolik i krzesełka),  za opłatą: sejf (ok. 2 EUR/dzień), czajnik (ok. 1 EUR/dzień), minibar (na życzenie, płatny wg konsumpcji), zestaw do kawy i herbaty (na życzenie, ok. 3 EUR/dzień), internet bezprzewodowy (jedno urządzenie – ok. 6 EUR/dzień, ok. 12 EUR/3 dni, ok. 19 EUR/7 dni)	8606
19	Pokój 1 os.	2-os. (możliwość 1 lub 2 dostawek dla dzieci),  ok. 26 m²,  ogrzewany,  łazienka (prysznic, wc, suszarka),  internet bezprzewodowy,  telewizja satelitarna,  zestaw do kawy/herbaty,  telefon,  sejf,  bezpłatne łóżeczko dla dziecka do 2 lat na zamówienie przed przyjazdem,  widok na góry lub jezioro,  za opłatą: minibar (płatny wg konsumpcji)	3698
19	Pokój 2 os.	2-os. (możliwość 1 lub 2 dostawek dla dzieci),  ok. 26 m²,  ogrzewany,  łazienka (prysznic, wc, suszarka),  internet bezprzewodowy,  telewizja satelitarna,  zestaw do kawy/herbaty,  telefon,  sejf,  bezpłatne łóżeczko dla dziecka do 2 lat na zamówienie przed przyjazdem,  widok na góry lub jezioro,  za opłatą: minibar (płatny wg konsumpcji)	2399
19	Pokój 2 os. + 1 dostawka	2-os. (możliwość 1 lub 2 dostawek dla dzieci),  ok. 26 m²,  ogrzewany,  łazienka (prysznic, wc, suszarka),  internet bezprzewodowy,  telewizja satelitarna,  zestaw do kawy/herbaty,  telefon,  sejf,  bezpłatne łóżeczko dla dziecka do 2 lat na zamówienie przed przyjazdem,  widok na góry lub jezioro,  za opłatą: minibar (płatny wg konsumpcji)	2399
19	Junior Suite 3 os.  Junior Suite 3 os.	Junior Suite 3 os.  Junior Suite 3 os.	4169
20	Pokój 1 os.	2-os. (możliwość dostawki dla os. dorosłej lub 2 dzieci – łóżko pojedyncze lub sofa),  ok. 32-40 m²,  elegancki,  indywidualnie sterowana klimatyzacja,  łazienka (prysznic, wc, suszarka),  internet bezprzewodowy,  telewizja satelitarna, polskie programy,  telefon,  lodówka,  zestaw do kawy/herbaty,  sejf,  bezpłatne łóżeczko dla dziecka do 2 lat na zamówienie przed przyjazdem,  balkon,  za opłatą: minibar	1820
20	Pokój 2 os.	2-os. (możliwość dostawki dla os. dorosłej lub 2 dzieci – łóżko pojedyncze lub sofa),  ok. 32-40 m²,  elegancki,  indywidualnie sterowana klimatyzacja,  łazienka (prysznic, wc, suszarka),  internet bezprzewodowy,  telewizja satelitarna, polskie programy,  telefon,  lodówka,  zestaw do kawy/herbaty,  sejf,  bezpłatne łóżeczko dla dziecka do 2 lat na zamówienie przed przyjazdem,  balkon,  za opłatą: minibar	1440
20	Pokój 2 os. + 1 dostawka	2-os. (możliwość dostawki dla os. dorosłej lub 2 dzieci – łóżko pojedyncze lub sofa),  ok. 32-40 m²,  elegancki,  indywidualnie sterowana klimatyzacja,  łazienka (prysznic, wc, suszarka),  internet bezprzewodowy,  telewizja satelitarna, polskie programy,  telefon,  lodówka,  zestaw do kawy/herbaty,  sejf,  bezpłatne łóżeczko dla dziecka do 2 lat na zamówienie przed przyjazdem,  balkon,  za opłatą: minibar	1440
21	Pokój 1 os.	2-os. (możliwość 1 lub 2 dostawek dla dzieci – łóżko piętrowe),  ok. 22 m²,  ogrzewany,  łazienka (wanna lub prysznic, wc, suszarka),  internet bezprzewodowy,  telewizja satelitarna,  zestaw do kawy/herbaty,  telefon,  minibar (codziennie uzupełniany w wodę),  sejf,  bezpłatne łóżeczko dla dziecka do 2 lat na zamówienie przed przyjazdem	4898
21	Pokój 2 os.	2-os. (możliwość 1 lub 2 dostawek dla dzieci – łóżko piętrowe),  ok. 22 m²,  ogrzewany,  łazienka (wanna lub prysznic, wc, suszarka),  internet bezprzewodowy,  telewizja satelitarna,  zestaw do kawy/herbaty,  telefon,  minibar (codziennie uzupełniany w wodę),  sejf,  bezpłatne łóżeczko dla dziecka do 2 lat na zamówienie przed przyjazdem	2899
21	Pokój 2 os. + 1 dostawka	2-os. (możliwość 1 lub 2 dostawek dla dzieci – łóżko piętrowe),  ok. 22 m²,  ogrzewany,  łazienka (wanna lub prysznic, wc, suszarka),  internet bezprzewodowy,  telewizja satelitarna,  zestaw do kawy/herbaty,  telefon,  minibar (codziennie uzupełniany w wodę),  sejf,  bezpłatne łóżeczko dla dziecka do 2 lat na zamówienie przed przyjazdem	2899
22	Pokój deluxe 1 os.	2-os. (możliwość 1 dostawki dla dziecka),  ok. 45 m²,  odnowiony,  indywidualnie sterowana klimatyzacja,  łazienka (wanna lub prysznic, wc, suszarka, szlafrok, klapki),  parasol,  internet bezprzewodowy,  telewizja satelitarna,  odtwarzacz DVD,  telefon,  sejf,  lodówka,  zestaw do kawy/herbaty,  2 butelki wody mineralnej dziennie,  bezpłatne łóżeczko dla dziecka do 2 lat na zamówienie przed przyjazdem,  balkon (stolik i krzesełka),  widok na ogród lub basen,  za opłatą: minibar,  pokoje łączone na zamówienie	6697
22	Pokój deluxe 2 os.	2-os. (możliwość 1 dostawki dla dziecka),  ok. 45 m²,  odnowiony,  indywidualnie sterowana klimatyzacja,  łazienka (wanna lub prysznic, wc, suszarka, szlafrok, klapki),  parasol,  internet bezprzewodowy,  telewizja satelitarna,  odtwarzacz DVD,  telefon,  sejf,  lodówka,  zestaw do kawy/herbaty,  2 butelki wody mineralnej dziennie,  bezpłatne łóżeczko dla dziecka do 2 lat na zamówienie przed przyjazdem,  balkon (stolik i krzesełka),  widok na ogród lub basen,  za opłatą: minibar,  pokoje łączone na zamówienie	6298
22	Pokój executive 2 os.	2-os. (możliwość 2 dostawek dla dzieci),  ok. 48 m²,  odnowiony,  indywidualnie sterowana klimatyzacja,  łazienka (wanna lub prysznic, wc, suszarka, szlafrok, klapki),  parasol,  internet bezprzewodowy,  telewizja satelitarna,  odtwarzacz DVD,  telefon,  sejf,  lodówka,  zestaw do kawy/herbaty,  2 butelki wody mineralnej dziennie,  bezpłatne łóżeczko dla dziecka do 2 lat na zamówienie przed przyjazdem,  taras,  widok na ogród lub basen,  za opłatą: minibar	7296
22	Pokój executive 2 os. + 1 dostawka	2-os. (możliwość 2 dostawek dla dzieci),  ok. 48 m²,  odnowiony,  indywidualnie sterowana klimatyzacja,  łazienka (wanna lub prysznic, wc, suszarka, szlafrok, klapki),  parasol,  internet bezprzewodowy,  telewizja satelitarna,  odtwarzacz DVD,  telefon,  sejf,  lodówka,  zestaw do kawy/herbaty,  2 butelki wody mineralnej dziennie,  bezpłatne łóżeczko dla dziecka do 2 lat na zamówienie przed przyjazdem,  taras,  widok na ogród lub basen,  za opłatą: minibar	6797
23	Pokój 1 os. widok na morze	2-os. (możliwość 2 dostawek),  ok. 26 m²,  klimatyzowany,  łazienka (prysznic, wc, suszarka),  internet bezprzewodowy,  telewizja satelitarna,  telefon,  lodówka,  zestaw do kawy/herbaty,  sejf,  balkon (stolik i krzesełka),  widok na morze	3279
23	Pokój 1 os. widok na zatokę	2-os. (możliwość 2 dostawek),  ok. 26 m²,  klimatyzowany,  łazienka (prysznic, wc, suszarka),  internet bezprzewodowy,  telewizja satelitarna,  telefon,  lodówka,  zestaw do kawy/herbaty,  sejf,  balkon (stolik i krzesełka),  widok na zatokę	3329
23	Pokój 2 os. widok na morze	2-os. (możliwość 2 dostawek),  ok. 26 m²,  klimatyzowany,  łazienka (prysznic, wc, suszarka),  internet bezprzewodowy,  telewizja satelitarna,  telefon,  lodówka,  zestaw do kawy/herbaty,  sejf,  balkon (stolik i krzesełka),  widok na morze	2979
23	Pokój 2 os. widok na zatokę	2-os. (możliwość 2 dostawek),  ok. 26 m²,  klimatyzowany,  łazienka (prysznic, wc, suszarka),  internet bezprzewodowy,  telewizja satelitarna,  telefon,  lodówka,  zestaw do kawy/herbaty,  sejf,  balkon (stolik i krzesełka),  widok na zatokę	3079
23	Junior Suite 2 os.	2-os. (możliwość 1 dostawki),  ok. 31 m²,  klimatyzowany,  łazienka (prysznic, wanna, wc, suszarka),  internet bezprzewodowy,  telewizja satelitarna,  telefon,  lodówka,  zestaw do kawy/herbaty,  sejf,  sofa,  balkon (stolik i krzesełka),  widok na morze lub zatokę	3279
23	Pokój 2 os. + 1 dostawka, widok na morze	2-os. (możliwość 2 dostawek),  ok. 26 m²,  klimatyzowany,  łazienka (prysznic, wc, suszarka),  internet bezprzewodowy,  telewizja satelitarna,  telefon,  lodówka,  zestaw do kawy/herbaty,  sejf,  balkon (stolik i krzesełka),  widok na morze	2979
23	Pokój 2 os. + 1 dostawka, widok na zatokę	2-os. (możliwość 2 dostawek),  ok. 26 m²,  klimatyzowany,  łazienka (prysznic, wc, suszarka),  internet bezprzewodowy,  telewizja satelitarna,  telefon,  lodówka,  zestaw do kawy/herbaty,  sejf,  balkon (stolik i krzesełka),  widok na zatokę	3119
23	Junior Suite 3 os.	2-os. (możliwość 1 dostawki),  ok. 31 m²,  klimatyzowany,  łazienka (prysznic, wanna, wc, suszarka),  internet bezprzewodowy,  telewizja satelitarna,  telefon,  lodówka,  zestaw do kawy/herbaty,  sejf,  sofa,  balkon (stolik i krzesełka),  widok na morze lub zatokę	3429
23	Pokój 2 os. + 2 dostawki, widok na morze	2-os. (możliwość 2 dostawek),  ok. 26 m²,  klimatyzowany,  łazienka (prysznic, wc, suszarka),  internet bezprzewodowy,  telewizja satelitarna,  telefon,  lodówka,  zestaw do kawy/herbaty,  sejf,  balkon (stolik i krzesełka),  widok na morze	2979
23	Pokój 2 os. + 2 dostawki, widok na zatokę	2-os. (możliwość 2 dostawek),  ok. 26 m²,  klimatyzowany,  łazienka (prysznic, wc, suszarka),  internet bezprzewodowy,  telewizja satelitarna,  telefon,  lodówka,  zestaw do kawy/herbaty,  sejf,  balkon (stolik i krzesełka),  widok na zatokę	3159
24	Pokój 1 os.	2-os. (możliwość 1 lub 2 dostawek),  ok. 28 m²,  klimatyzowany,  łazienka (prysznic, wc, suszarka),  telewizja satelitarna,  telefon,  bezpłatne łóżeczko dla dziecka do 2 lat,  balkon (stolik i krzesełka),  za opłatą: sejf, minibar (2 razy na tydzień bezpłatnie uzupełniany wodą)	3941
24	Pokój 2 os.	2-os. (możliwość 1 lub 2 dostawek),  ok. 28 m²,  klimatyzowany,  łazienka (prysznic, wc, suszarka),  telewizja satelitarna,  telefon,  bezpłatne łóżeczko dla dziecka do 2 lat,  balkon (stolik i krzesełka),  za opłatą: sejf, minibar (2 razy na tydzień bezpłatnie uzupełniany wodą)	2799
24	Pokój 2 os. + 1 dostawka	2-os. (możliwość 1 lub 2 dostawek),  ok. 28 m²,  klimatyzowany,  łazienka (prysznic, wc, suszarka),  telewizja satelitarna,  telefon,  bezpłatne łóżeczko dla dziecka do 2 lat,  balkon (stolik i krzesełka),  za opłatą: sejf, minibar (2 razy na tydzień bezpłatnie uzupełniany wodą)	2799
25	Pokój 1 os.	2-os. (możliwość 1 dostawki dla os. dorosłej lub 2 dostawek dla dzieci),  ok. 25 m²,  zadbany,  klimatyzowany,  łazienka (wanna lub prysznic, wc, suszarka),  internet bezprzewodowy,  telewizja satelitarna,  telefon,  bezpłatne łóżeczko dla dziecka do 2 lat na zamówienie przed przyjazdem,  balkon lub taras (stolik i krzesełka),  widok na ogród,  za opłatą: minibar, sejf	4148
25	Pokój 2 os.	2-os. (możliwość 1 dostawki dla os. dorosłej lub 2 dostawek dla dzieci),  ok. 25 m²,  zadbany,  klimatyzowany,  łazienka (wanna lub prysznic, wc, suszarka),  internet bezprzewodowy,  telewizja satelitarna,  telefon,  bezpłatne łóżeczko dla dziecka do 2 lat na zamówienie przed przyjazdem,  balkon lub taras (stolik i krzesełka),  widok na ogród,  za opłatą: minibar, sejf	3349
25	Pokój 2 os. + 1 dostawka	2-os. (możliwość 1 dostawki dla os. dorosłej lub 2 dostawek dla dzieci),  ok. 25 m²,  zadbany,  klimatyzowany,  łazienka (wanna lub prysznic, wc, suszarka),  internet bezprzewodowy,  telewizja satelitarna,  telefon,  bezpłatne łóżeczko dla dziecka do 2 lat na zamówienie przed przyjazdem,  balkon lub taras (stolik i krzesełka),  widok na ogród,  za opłatą: minibar, sejf	3559
27	Pokój 1 os.	2-os. (możliwość 1 dostawki),  ok. 24 m²,  łazienka (wanna, prysznic, wc),  telewizja satelitarna,  telefon,  bezpłatne łóżeczko dla dziecka do 2 lat na zamówienie przed przyjazdem,  balkon (stolik i krzesełka),  widok na ogród,  za opłatą: sejf (ok. 2 EUR/dzień)	5297
27	Pokój 2 os.	2-os. (możliwość 1 dostawki),  ok. 24 m²,  łazienka (wanna, prysznic, wc),  telewizja satelitarna,  telefon,  bezpłatne łóżeczko dla dziecka do 2 lat na zamówienie przed przyjazdem,  balkon (stolik i krzesełka),  widok na ogród,  za opłatą: sejf (ok. 2 EUR/dzień)	4648
27	Pokój 2 os. + 1 dostawka	2-os. (możliwość 1 dostawki),  ok. 24 m²,  łazienka (wanna, prysznic, wc),  telewizja satelitarna,  telefon,  bezpłatne łóżeczko dla dziecka do 2 lat na zamówienie przed przyjazdem,  balkon (stolik i krzesełka),  widok na ogród,  za opłatą: sejf (ok. 2 EUR/dzień)	4648
28	Pokój 1 os.	2-os. (możliwość 1 dostawki dla os. dorosłej lub 2 dzieci),  ok. 20 m²,  indywidualnie sterowana klimatyzacja,  łazienka (wanna lub prysznic, wc, suszarka),  telewizja satelitarna LCD,  telefon,  internet bezprzewodowy,  bezpłatne łóżeczko dla dziecka do 2 lat na zamówienie przed przyjazdem,  balkon lub taras (stolik i krzesełka),  za opłatą: sejf (ok. 3 EUR/dzień)	5098
28	Pokój 2 os.	2-os. (możliwość 1 dostawki dla os. dorosłej lub 2 dzieci),  ok. 20 m²,  indywidualnie sterowana klimatyzacja,  łazienka (wanna lub prysznic, wc, suszarka),  telewizja satelitarna LCD,  telefon,  internet bezprzewodowy,  bezpłatne łóżeczko dla dziecka do 2 lat na zamówienie przed przyjazdem,  balkon lub taras (stolik i krzesełka),  za opłatą: sejf (ok. 3 EUR/dzień)	3799
28	Pokój 2 os. widok na basen	2-os. (możliwość 1 dostawki dla os. dorosłej lub 2 dzieci),  ok. 20 m²,  indywidualnie sterowana klimatyzacja,  łazienka (wanna lub prysznic, wc, suszarka),  telewizja satelitarna LCD,  telefon,  internet bezprzewodowy,  bezpłatne łóżeczko dla dziecka do 2 lat na zamówienie przed przyjazdem,  balkon lub taras (stolik i krzesełka),  widok na basen,  za opłatą: sejf (ok. 3 EUR/dzień)	4197
28	Pokój 2 os. + 1 dostawka	2-os. (możliwość 1 dostawki dla os. dorosłej lub 2 dzieci),  ok. 20 m²,  indywidualnie sterowana klimatyzacja,  łazienka (wanna lub prysznic, wc, suszarka),  telewizja satelitarna LCD,  telefon,  internet bezprzewodowy,  bezpłatne łóżeczko dla dziecka do 2 lat na zamówienie przed przyjazdem,  balkon lub taras (stolik i krzesełka),  za opłatą: sejf (ok. 3 EUR/dzień)	3799
28	Pokój 2 os. + 1 dostawka, widok na basen	2-os. (możliwość 1 dostawki dla os. dorosłej lub 2 dzieci),  ok. 20 m²,  indywidualnie sterowana klimatyzacja,  łazienka (wanna lub prysznic, wc, suszarka),  telewizja satelitarna LCD,  telefon,  internet bezprzewodowy,  bezpłatne łóżeczko dla dziecka do 2 lat na zamówienie przed przyjazdem,  balkon lub taras (stolik i krzesełka),  widok na basen,  za opłatą: sejf (ok. 3 EUR/dzień)	4396
33	Pokój 2 os. do pojedynczego wykorzystania, widok na morze	Pokój 2 os. do pojedynczego wykorzystania, widok na morze	4749
33	Pokój 2 os. widok na morze	2-os. (możliwość 1 dostawki),  ok. 25 m²,  zadbany,  funkcjonalnie urządzony,  klimatyzowany,  łazienka (prysznic, wc, suszarka),  internet bezprzewodowy,  telewizja satelitarna,  telefon,  lodówka,  sejf,  ręczniki plażowe,  balkon lub taras (stolik i krzesełka),  widok na morze	2499
33	Pokój 2 os. + 1 dostawka, widok na morze	2-os. (możliwość 1 dostawki),  ok. 25 m²,  zadbany,  funkcjonalnie urządzony,  klimatyzowany,  łazienka (prysznic, wc, suszarka),  internet bezprzewodowy,  telewizja satelitarna,  telefon,  lodówka,  sejf,  ręczniki plażowe,  balkon lub taras (stolik i krzesełka),  widok na morze	2499
34	Pokój 1 os. Pokój 1 os.	Pokój 1 os. Pokój 1 os.	9089
34	Pokój deluxe 2 os.	2-os. (możliwość 1 dostawki),  ok. 45 m²,  indywidualnie sterowana klimatyzacja,  łazienka (prysznic, wc, suszarka, szlafroki i kapcie),  internet bezprzewodowy,  telewizja satelitarna,  telefon,  sejf,  zestaw do kawy/herbaty,  bezpłatne łóżeczko dla dziecka do 2 lat na zamówienie przed przyjazdem,  balkon (stolik i krzesełka),  widok na basen,  za opłatą: minibar	6299
34	Suite 2 os.	2-os. (możliwość 1 dostawki lub 2 dostawek dla dzieci),  ok. 91 m²,  sypialnia i pokój dzienny z aneksem kuchennym,  indywidualnie sterowana klimatyzacja,  łazienka (prysznic, wc, suszarka, szlafroki i kapcie),  internet bezprzewodowy,  telewizja satelitarna,  telefon,  sejf,  zestaw do kawy/herbaty,  bezpłatne łóżeczko dla dziecka do 2 lat na zamówienie przed przyjazdem,  balkon (stolik i krzesełka),  za opłatą: minibar	8897
34	Pokój deluxe 2 os. + 1 dostawka	2-os. (możliwość 1 dostawki),  ok. 45 m²,  indywidualnie sterowana klimatyzacja,  łazienka (prysznic, wc, suszarka, szlafroki i kapcie),  internet bezprzewodowy,  telewizja satelitarna,  telefon,  sejf,  zestaw do kawy/herbaty,  bezpłatne łóżeczko dla dziecka do 2 lat na zamówienie przed przyjazdem,  balkon (stolik i krzesełka),  widok na basen,  za opłatą: minibar	6299
34	Suite 3 os.	2-os. (możliwość 1 dostawki lub 2 dostawek dla dzieci),  ok. 91 m²,  sypialnia i pokój dzienny z aneksem kuchennym,  indywidualnie sterowana klimatyzacja,  łazienka (prysznic, wc, suszarka, szlafroki i kapcie),  internet bezprzewodowy,  telewizja satelitarna,  telefon,  sejf,  zestaw do kawy/herbaty,  bezpłatne łóżeczko dla dziecka do 2 lat na zamówienie przed przyjazdem,  balkon (stolik i krzesełka),  za opłatą: minibar	10196
36	Pokój 1 os.	2-os. (możliwość 1 lub 2 dostawek),  ok. 30 m²,  klimatyzowany,  łazienka (wanna lub prysznic, wc, suszarka),  telewizja satelitarna,  telefon,  minibar (uzupełniony wodą),  bezpłatne łóżeczko dla dziecka do 2 lat na zamówienie przed przyjazdem,  balkon (stolik i krzesełka, suszarka),  za opłatą:  internet bezprzewodowy (dostępny w części pokoi), sejf (ok. 2 EUR/dzień)	5084
36	Pokój 2 os.	2-os. (możliwość 1 lub 2 dostawek),  ok. 30 m²,  klimatyzowany,  łazienka (wanna lub prysznic, wc, suszarka),  telewizja satelitarna,  telefon,  minibar (uzupełniony wodą),  bezpłatne łóżeczko dla dziecka do 2 lat na zamówienie przed przyjazdem,  balkon (stolik i krzesełka, suszarka),  za opłatą:  internet bezprzewodowy (dostępny w części pokoi), sejf (ok. 2 EUR/dzień)	3799
36	Pokój 2 os. + 1 dostawka	2-os. (możliwość 1 lub 2 dostawek),  ok. 30 m²,  klimatyzowany,  łazienka (wanna lub prysznic, wc, suszarka),  telewizja satelitarna,  telefon,  minibar (uzupełniony wodą),  bezpłatne łóżeczko dla dziecka do 2 lat na zamówienie przed przyjazdem,  balkon (stolik i krzesełka, suszarka),  za opłatą:  internet bezprzewodowy (dostępny w części pokoi), sejf (ok. 2 EUR/dzień)	3799
37	Pokój superior 1 os.	2-os. (możliwość 1 dostawki),  ok. 44 m²,  elegancki,  indywidualnie sterowana klimatyzacja,  łazienka (wanna lub prysznic, wc, suszarka),  internet bezprzewodowy,  telewizja satelitarna,  telefon,  sejf,  zestaw do kawy/herbaty,  mała lodówka,  bezpłatne łóżeczko dla dziecka do 2 lat na zamówienie przed przyjazdem,  balkon lub taras (stolik i krzesełka),  widok na ogród lub basen,  za opłatą: minibar 	11509
37	Pokój superior 2 os.	2-os. (możliwość 1 dostawki),  ok. 44 m²,  elegancki,  indywidualnie sterowana klimatyzacja,  łazienka (wanna lub prysznic, wc, suszarka),  internet bezprzewodowy,  telewizja satelitarna,  telefon,  sejf,  zestaw do kawy/herbaty,  mała lodówka,  bezpłatne łóżeczko dla dziecka do 2 lat na zamówienie przed przyjazdem,  balkon lub taras (stolik i krzesełka),  widok na ogród lub basen,  za opłatą: minibar 	8709
37	Pokój deluxe 2 os.	2-os. (możliwość 1 dostawki),  ok. 44 m²,  nowoczesny,  indywidualnie sterowana klimatyzacja,  łazienka (wanna lub prysznic, wc, suszarka),  internet bezprzewodowy,  telewizja satelitarna,  telefon,  sejf,  zestaw do kawy/herbaty,  mała lodówka,  bezpłatne łóżeczko dla dziecka do 2 lat na zamówienie przed przyjazdem,  balkon lub taras (stolik i krzesełka),  za opłatą: minibar 	9309
37	Suite 2 os.	2-os. (możliwość 1 lub 2 dostawek),  ok. 88 m²,  pokój dzienny i sypialnia przedzielone przesuwnymi drzwiami,  indywidualnie sterowana klimatyzacja,  łazienka (wanna lub prysznic, wc, suszarka),  internet bezprzewodowy,  telewizja satelitarna,  telefon,  sejf,  zestaw do kawy/herbaty,  mała lodówka,  bezpłatne łóżeczko dla dziecka do 2 lat na zamówienie przed przyjazdem,  balkon lub taras (stolik i krzesełka),  za opłatą: minibar 	11409
37	Pokój superior 2 os. + 1 dostawka	2-os. (możliwość 1 dostawki),  ok. 44 m²,  elegancki,  indywidualnie sterowana klimatyzacja,  łazienka (wanna lub prysznic, wc, suszarka),  internet bezprzewodowy,  telewizja satelitarna,  telefon,  sejf,  zestaw do kawy/herbaty,  mała lodówka,  bezpłatne łóżeczko dla dziecka do 2 lat na zamówienie przed przyjazdem,  balkon lub taras (stolik i krzesełka),  widok na ogród lub basen,  za opłatą: minibar 	8709
37	Pokój deluxe 2 os. + 1 dostawka	2-os. (możliwość 1 dostawki),  ok. 44 m²,  nowoczesny,  indywidualnie sterowana klimatyzacja,  łazienka (wanna lub prysznic, wc, suszarka),  internet bezprzewodowy,  telewizja satelitarna,  telefon,  sejf,  zestaw do kawy/herbaty,  mała lodówka,  bezpłatne łóżeczko dla dziecka do 2 lat na zamówienie przed przyjazdem,  balkon lub taras (stolik i krzesełka),  za opłatą: minibar 	9609
37	Suite 3 os.	2-os. (możliwość 1 lub 2 dostawek),  ok. 88 m²,  pokój dzienny i sypialnia przedzielone przesuwnymi drzwiami,  indywidualnie sterowana klimatyzacja,  łazienka (wanna lub prysznic, wc, suszarka),  internet bezprzewodowy,  telewizja satelitarna,  telefon,  sejf,  zestaw do kawy/herbaty,  mała lodówka,  bezpłatne łóżeczko dla dziecka do 2 lat na zamówienie przed przyjazdem,  balkon lub taras (stolik i krzesełka),  za opłatą: minibar 	12759
37	Suite 4 os.	2-os. (możliwość 1 lub 2 dostawek),  ok. 88 m²,  pokój dzienny i sypialnia przedzielone przesuwnymi drzwiami,  indywidualnie sterowana klimatyzacja,  łazienka (wanna lub prysznic, wc, suszarka),  internet bezprzewodowy,  telewizja satelitarna,  telefon,  sejf,  zestaw do kawy/herbaty,  mała lodówka,  bezpłatne łóżeczko dla dziecka do 2 lat na zamówienie przed przyjazdem,  balkon lub taras (stolik i krzesełka),  za opłatą: minibar 	10059
38	Pokój 1 os.	2-os. (możliwość 1 dostawki – sofa),  ok. 37 m²,  odnowiony w 2017 r.,  klimatyzowany (w sezonie letnim),  łazienka (prysznic, wc, suszarka),  internet bezprzewodowy,  telewizja satelitarna,  telefon,  czajnik bezprzewodowy,  bezpłatne łóżeczko dla dziecka do 2 lat na zamówienie przed przyjazdem,  balkon (stolik i krzesełka),  widok na góry, basen lub ulicę,  za opłatą: minibar, sejf	6168
38	Pokój 2 os.	2-os. (możliwość 1 dostawki – sofa),  ok. 37 m²,  odnowiony w 2017 r.,  klimatyzowany (w sezonie letnim),  łazienka (prysznic, wc, suszarka),  internet bezprzewodowy,  telewizja satelitarna,  telefon,  czajnik bezprzewodowy,  bezpłatne łóżeczko dla dziecka do 2 lat na zamówienie przed przyjazdem,  balkon (stolik i krzesełka),  widok na góry, basen lub ulicę,  za opłatą: minibar, sejf	4269
38	Pokój standard view 2 os.	2-os. (możliwość 1 dostawki – sofa),  ok. 37 m²,  odnowiony w 2017 r.,  klimatyzowany (w sezonie letnim),  łazienka (prysznic, wc, suszarka),  internet bezprzewodowy,  telewizja satelitarna,  telefon,  czajnik bezprzewodowy,  bezpłatne łóżeczko dla dziecka do 2 lat na zamówienie przed przyjazdem,  balkon (stolik i krzesełka),  za opłatą: minibar, sejf,  widok na basen, ogród lub ograniczony widok na morze	5249
38	Pokój rodzinny 2 os.	2-os. (możliwość 1 dostawki dla os. dorosłej w formie sofy lub 2 dostawek dla dzieci - jedna w formie piętrowego łóżka),  ok. 37 m²,  odnowiony w 2017 r.,  klimatyzowany (w sezonie letnim),  łazienka (prysznic, wc, suszarka),  internet bezprzewodowy,  telewizja satelitarna,  telefon,  czajnik bezprzewodowy,  bezpłatne łóżeczko dla dziecka do 2 lat na zamówienie przed przyjazdem,  domek zabaw i gry dla dzieci,  balkon (stolik i krzesełka),  za opłatą: minibar, sejf	5467
38	Pokój 2 os. + 1 dostawka	2-os. (możliwość 1 dostawki – sofa),  ok. 37 m²,  odnowiony w 2017 r.,  klimatyzowany (w sezonie letnim),  łazienka (prysznic, wc, suszarka),  internet bezprzewodowy,  telewizja satelitarna,  telefon,  czajnik bezprzewodowy,  bezpłatne łóżeczko dla dziecka do 2 lat na zamówienie przed przyjazdem,  balkon (stolik i krzesełka),  widok na góry, basen lub ulicę,  za opłatą: minibar, sejf	4269
38	Pokój standard view 3 os.	2-os. (możliwość 1 dostawki – sofa),  ok. 37 m²,  odnowiony w 2017 r.,  klimatyzowany (w sezonie letnim),  łazienka (prysznic, wc, suszarka),  internet bezprzewodowy,  telewizja satelitarna,  telefon,  czajnik bezprzewodowy,  bezpłatne łóżeczko dla dziecka do 2 lat na zamówienie przed przyjazdem,  balkon (stolik i krzesełka),  za opłatą: minibar, sejf,  widok na basen, ogród lub ograniczony widok na morze	5739
38	Pokój rodzinny 3 os.	2-os. (możliwość 1 dostawki dla os. dorosłej w formie sofy lub 2 dostawek dla dzieci - jedna w formie piętrowego łóżka),  ok. 37 m²,  odnowiony w 2017 r.,  klimatyzowany (w sezonie letnim),  łazienka (prysznic, wc, suszarka),  internet bezprzewodowy,  telewizja satelitarna,  telefon,  czajnik bezprzewodowy,  bezpłatne łóżeczko dla dziecka do 2 lat na zamówienie przed przyjazdem,  domek zabaw i gry dla dzieci,  balkon (stolik i krzesełka),  za opłatą: minibar, sejf	6066
39	Pokój 1 os. w willi	2-os,  ok. 16-22 m²,  nowoczesny i elegancki,  indywidualnie sterowana klimatyzacja,  łazienka (prysznic, wc, suszarka),  internet bezprzewodowy,  telewizja satelitarna,  telefon,  lodówka,  czajnik,  sejf,  balkon lub ogródek (stolik i krzesełka, suszarka),  basen dzielony z 4 pokojami	5399
39	Pokój 2 os. budynek główny	2-os,  ok. 16-20 m²,  nowoczesny i elegancki,  indywidualnie sterowana klimatyzacja,  łazienka (prysznic, wc, suszarka),  internet bezprzewodowy,  telewizja satelitarna,  telefon,  lodówka,  czajnik,  sejf,  balkon (stolik i krzesełka, suszarka)	2899
39	Pokój 2 os. w willi	2-os,  ok. 16-22 m²,  nowoczesny i elegancki,  indywidualnie sterowana klimatyzacja,  łazienka (prysznic, wc, suszarka),  internet bezprzewodowy,  telewizja satelitarna,  telefon,  lodówka,  czajnik,  sejf,  balkon lub ogródek (stolik i krzesełka, suszarka),  basen dzielony z 4 pokojami	2899
40	Pokój 1 os.	2-os. (możliwość 1 lub 2 dostawek),  zadbany,  ok. 18 m²,  klimatyzowany (15.06-15.09),  łazienka (wanna lub prysznic, wc, suszarka),  telewizja satelitarna,  telefon,  sejf,  za opłatą: minibar (wg konsumpcji), łóżeczko dla dziecka do lat 2 na zamówienie przed przyjazdem (ok. 8 EUR/dzień)	6347
40	Pokój 2 os.	2-os. (możliwość 1 lub 2 dostawek),  zadbany,  ok. 18 m²,  klimatyzowany (15.06-15.09),  łazienka (wanna lub prysznic, wc, suszarka),  telewizja satelitarna,  telefon,  sejf,  za opłatą: minibar (wg konsumpcji), łóżeczko dla dziecka do lat 2 na zamówienie przed przyjazdem (ok. 8 EUR/dzień)	5248
40	Pokój 2 os. + 1 dostawka	2-os. (możliwość 1 lub 2 dostawek),  zadbany,  ok. 18 m²,  klimatyzowany (15.06-15.09),  łazienka (wanna lub prysznic, wc, suszarka),  telewizja satelitarna,  telefon,  sejf,  za opłatą: minibar (wg konsumpcji), łóżeczko dla dziecka do lat 2 na zamówienie przed przyjazdem (ok. 8 EUR/dzień)	2948
40	Pokój 2 os. + 1 dostawka, balkon	2-os. (możliwość 1 lub 2 dostawek),  zadbany,  ok. 18 m²,  klimatyzowany (15.06-15.09),  łazienka (wanna lub prysznic, wc, suszarka),  telewizja satelitarna,  telefon,  sejf,  balkon,  za opłatą: minibar (płatny według konsumpcji), łóżeczko dla dziecka do lat 2 na zamówienie przed przyjazdem (ok. 8 EUR/dzień)	3698
40	Pokój 2 os. + 1 dostawka, balkon, widok na morze	2-os. (możliwość 1 lub 2 dostawek),  zadbany,  ok. 18 m²,  klimatyzowany (15.06-15.09),  łazienka (wanna lub prysznic, wc, suszarka),  telewizja satelitarna,  telefon,  sejf,  balkon,  widok na morze,  za opłatą: minibar (wg konsumpcji), łóżeczko dla dziecka do lat 2 na zamówienie przed przyjazdem (ok. 8 EUR/dzień)	4298
40	Pokój 2 os. + 2 dostawki	2-os. (możliwość 1 lub 2 dostawek),  zadbany,  ok. 18 m²,  klimatyzowany (15.06-15.09),  łazienka (wanna lub prysznic, wc, suszarka),  telewizja satelitarna,  telefon,  sejf,  za opłatą: minibar (wg konsumpcji), łóżeczko dla dziecka do lat 2 na zamówienie przed przyjazdem (ok. 8 EUR/dzień)	2948
40	Pokój 2 os. + 2 dostawki, balkon	2-os. (możliwość 1 lub 2 dostawek),  zadbany,  ok. 18 m²,  klimatyzowany (15.06-15.09),  łazienka (wanna lub prysznic, wc, suszarka),  telewizja satelitarna,  telefon,  sejf,  balkon,  za opłatą: minibar (płatny według konsumpcji), łóżeczko dla dziecka do lat 2 na zamówienie przed przyjazdem (ok. 8 EUR/dzień)	3948
40	Pokój 2 os. + 2 dostawki, balkon, widok na morze	2-os. (możliwość 1 lub 2 dostawek),  zadbany,  ok. 18 m²,  klimatyzowany (15.06-15.09),  łazienka (wanna lub prysznic, wc, suszarka),  telewizja satelitarna,  telefon,  sejf,  balkon,  widok na morze,  za opłatą: minibar (wg konsumpcji), łóżeczko dla dziecka do lat 2 na zamówienie przed przyjazdem (ok. 8 EUR/dzień)	4748
41	Pokój 1 os. Pokój 1 os.	Pokój 1 os. Pokój 1 os.	6198
41	Pokój 2 os.	2-os. (możliwość 1 dostawki),  ok. 26 m²,  zadbany,  indywidualnie sterowana klimatyzacja,  łazienka (wanna lub prysznic, wc, suszarka),  lodówka (butelka wody na powitanie),  telewizja satelitarna,  telefon,  sejf (płatny: ok. 2 EUR/dzień),  bezpłatne łóżeczko dla dziecka do 2 lat na zamówienie przed przyjazdem,  balkon lub taras (stolik i krzesełka),  większość pokoi z widokiem na ogród	4699
41	Pokój 2 os. widok na morze	2-os. (możliwość 1 dostawki),  ok. 26 m²,  zadbany,  indywidualnie sterowana klimatyzacja,  łazienka (wanna lub prysznic, wc, suszarka),  lodówka (butelka wody na powitanie),  telewizja satelitarna,  telefon,  sejf (płatny: ok. 2 EUR/dzień),  bezpłatne łóżeczko dla dziecka do 2 lat na zamówienie przed przyjazdem,  balkon lub taras (stolik i krzesełka),  widok na morze	5097
41	Suite 2 os.	2-os. (możliwość 1 dostawki dla os. dorosłej lub 2 dostawek dla dzieci),  ok. 45 m²,  2 sypialnie,  indywidualnie sterowana klimatyzacja,  łazienka (wanna lub prysznic, wc, suszarka),  lodówka (butelka wody na powitanie),  telewizja satelitarna,  telefon,  sejf (płatny: ok. 2 EUR/dzień),  bezpłatne łóżeczko dla dziecka do 2 lat na zamówienie przed przyjazdem,  balkon lub taras (stolik i krzesełka),  większość pokoi z widokiem na ogród	5497
41	Suite 2 os. widok na morze	2-os. (możliwość 1 dostawki dla os. dorosłej lub 2 dostawek dla dzieci),  ok. 45 m²,  2 sypialnie,  indywidualnie sterowana klimatyzacja,  łazienka (wanna lub prysznic, wc, suszarka),  lodówka (butelka wody na powitanie),  telewizja satelitarna,  telefon,  sejf (płatny: ok. 2 EUR/dzień),  bezpłatne łóżeczko dla dziecka do 2 lat na zamówienie przed przyjazdem,  balkon lub taras (stolik i krzesełka),  widok na morze	5897
41	Pokój 2 os. + 1 dostawka	Pokój 2 os. + 1 dostawka	4699
41	Pokój 2 os. + 1 dostawka, widok na morze	Pokój 2 os. + 1 dostawka, widok na morze	5296
41	Suite 3 os. Suite 3 os.	Suite 3 os. Suite 3 os.	5896
41	Suite 3 os. widok na morze	2-os. (możliwość 1 dostawki dla os. dorosłej lub 2 dostawek dla dzieci),  ok. 45 m²,  2 sypialnie,  indywidualnie sterowana klimatyzacja,  łazienka (wanna lub prysznic, wc, suszarka),  lodówka (butelka wody na powitanie),  telewizja satelitarna,  telefon,  sejf (płatny: ok. 2 EUR/dzień),  bezpłatne łóżeczko dla dziecka do 2 lat na zamówienie przed przyjazdem,  balkon lub taras (stolik i krzesełka),  widok na morze	6496
42	Pokój 1 os.	2-os. (możliwość 1 dostawki),  ok. 23 m²,  komfortowy,  indywidualnie sterowana klimatyzacja,  łazienka (wanna, wc, suszarka),  telewizja satelitarna,  polski program,  telefon,  lodówka,  bezpłatne łóżeczko dla dziecka do 2 lat,  balkon lub taras (stolik i krzesełka),  za opłatą: internet bezprzewodowy (dla maks. 2 urządzeń, ok. 3 EUR/dzień, ok. 15 EUR/tydz.), sejf (ok. 4 EUR/dzień), minibar	4898
42	Pokój 2 os.	2-os. (możliwość 1 dostawki),  ok. 23 m²,  komfortowy,  indywidualnie sterowana klimatyzacja,  łazienka (wanna, wc, suszarka),  telewizja satelitarna,  polski program,  telefon,  lodówka,  bezpłatne łóżeczko dla dziecka do 2 lat,  balkon lub taras (stolik i krzesełka),  za opłatą: internet bezprzewodowy (dla maks. 2 urządzeń, ok. 3 EUR/dzień, ok. 15 EUR/tydz.), sejf (ok. 4 EUR/dzień), minibar	3999
42	Pokój 2 os. widok na morze	2-os. (możliwość 1 dostawki),  ok. 23 m²,  komfortowy,  indywidualnie sterowana klimatyzacja,  łazienka (wanna, wc, suszarka),  telewizja satelitarna,  polski program,  telefon,  lodówka,  bezpłatne łóżeczko dla dziecka do 2 lat,  balkon lub taras (stolik i krzesełka),  za opłatą: internet bezprzewodowy (dla maks. 2 urządzeń, ok. 3 EUR/dzień, ok. 15 EUR/tydz.), sejf (ok. 4 EUR/dzień), minibar	4499
42	Pokój 2 os. + 1 dostawka	2-os. (możliwość 1 dostawki),  ok. 23 m²,  komfortowy,  indywidualnie sterowana klimatyzacja,  łazienka (wanna, wc, suszarka),  telewizja satelitarna,  polski program,  telefon,  lodówka,  bezpłatne łóżeczko dla dziecka do 2 lat,  balkon lub taras (stolik i krzesełka),  za opłatą: internet bezprzewodowy (dla maks. 2 urządzeń, ok. 3 EUR/dzień, ok. 15 EUR/tydz.), sejf (ok. 4 EUR/dzień), minibar	3999
42	Pokój 2 os. + 1 dostawka, widok na morze	2-os. (możliwość 1 dostawki),  ok. 23 m²,  komfortowy,  indywidualnie sterowana klimatyzacja,  łazienka (wanna, wc, suszarka),  telewizja satelitarna,  polski program,  telefon,  lodówka,  bezpłatne łóżeczko dla dziecka do 2 lat,  balkon lub taras (stolik i krzesełka),  za opłatą: internet bezprzewodowy (dla maks. 2 urządzeń, ok. 3 EUR/dzień, ok. 15 EUR/tydz.), sejf (ok. 4 EUR/dzień), minibar	4749
42	Pokój rodzinny 4 os.	4-os,  ok. 50 m²,  pokój dzienny i sypialnia oddzielone drzwiami,  indywidualnie sterowana klimatyzacja,  łazienka (wanna, wc, suszarka),  telewizja satelitarna,  polski program,  telefon,  lodówka,  bezpłatne łóżeczko dla dziecka do 2 lat,  za opłatą: internet bezprzewodowy (dla maks. 2 urządzeń, ok. 3 EUR/dzień, ok. 15 EUR/tydz.), sejf (ok. 4 EUR/dzień), minibar	4598
43	Pokój 1 os.	2-os. (możliwość 1 dostawki dla os. dorosłej lub 2 dzieci – łóżko piętrowe),  ok. 24 m²,  urządzony w stylu tunezyjskim,  zadbany,  indywidualnie sterowana klimatyzacja (15.06-15.09),  łazienka (wanna lub prysznic, wc, suszarka),  telewizja satelitarna,  telefon,  minibar (woda na powitanie),  sejf,  bezpłatne łóżeczko dla dziecka do 2 lat na zamówienie przed przyjazdem,  widok na ogród lub basen	2598
43	Pokój 2 os.	2-os. (możliwość 1 dostawki dla os. dorosłej lub 2 dzieci – łóżko piętrowe),  ok. 24 m²,  urządzony w stylu tunezyjskim,  zadbany,  indywidualnie sterowana klimatyzacja (15.06-15.09),  łazienka (wanna lub prysznic, wc, suszarka),  telewizja satelitarna,  telefon,  minibar (woda na powitanie),  sejf,  bezpłatne łóżeczko dla dziecka do 2 lat na zamówienie przed przyjazdem,  widok na ogród lub basen	2099
43	Pokój 2 os. + 1 dostawka	2-os. (możliwość 1 dostawki dla os. dorosłej lub 2 dzieci – łóżko piętrowe),  ok. 24 m²,  urządzony w stylu tunezyjskim,  zadbany,  indywidualnie sterowana klimatyzacja (15.06-15.09),  łazienka (wanna lub prysznic, wc, suszarka),  telewizja satelitarna,  telefon,  minibar (woda na powitanie),  sejf,  bezpłatne łóżeczko dla dziecka do 2 lat na zamówienie przed przyjazdem,  widok na ogród lub basen	2099
43	Pokój rodzinny 3 os.	2-os. (możliwość 1 dostawki dla os. dorosłej lub 2 dzieci – łóżko piętrowe),  ok. 30 m²,  indywidualnie sterowana klimatyzacja (15.06-15.09),  łazienka (wanna lub prysznic, wc, suszarka),  telewizja satelitarna,  telefon,  minibar (woda na powitanie),  sejf,  bezpłatne łóżeczko dla dziecka do 2 lat na zamówienie przed przyjazdem	3199
44	Pokój 1 os. Pokój 1 os.	Pokój 1 os. Pokój 1 os.	7088
44	Pokój 2 os.	2-os. (możliwość 1 dostawki),  ok. 20-26 m²,  wyremontowany,  klimatyzowany (w okresie: czerwiec-wrzesień),  łazienka (prysznic, wc; suszarka),  internet bezprzewodowy,  telewizja satelitarna, polskie programy,  telefon,  lodówka,  sejf,  bezpłatne łóżeczko dla dziecka do 2 lat na zamówienie przed przyjazdem,  balkon lub taras (stolik i krzesełka),  widok na ogród	3989
44	Pokój 2 os. + 1 dostawka	2-os. (możliwość 1 dostawki),  ok. 20-26 m²,  wyremontowany,  klimatyzowany (w okresie: czerwiec-wrzesień),  łazienka (prysznic, wc; suszarka),  internet bezprzewodowy,  telewizja satelitarna, polskie programy,  telefon,  lodówka,  sejf,  bezpłatne łóżeczko dla dziecka do 2 lat na zamówienie przed przyjazdem,  balkon lub taras (stolik i krzesełka),  widok na ogród	3989
44	Pokój rodzinny 3 os.	2-os. (możliwość dostawki dla maks. 2 os.),  ok. 26 m²,  wyremontowany,  klimatyzowany (w okresie: czerwiec-wrzesień),  łazienka (prysznic, wc; suszarka),  internet bezprzewodowy,  telewizja satelitarna, polskie programy,  telefon,  lodówka,  sejf,  bezpłatne łóżeczko dla dziecka do 2 lat na zamówienie przed przyjazdem,  balkon lub taras (stolik i krzesełka),  widok na ogród	4289
44	Pokój rodzinny 4 os.	2-os. (możliwość dostawki dla maks. 2 os.),  ok. 26 m²,  wyremontowany,  klimatyzowany (w okresie: czerwiec-wrzesień),  łazienka (prysznic, wc; suszarka),  internet bezprzewodowy,  telewizja satelitarna, polskie programy,  telefon,  lodówka,  sejf,  bezpłatne łóżeczko dla dziecka do 2 lat na zamówienie przed przyjazdem,  balkon lub taras (stolik i krzesełka),  widok na ogród	4089
45	Pokój 1 os.	2-os. (możliwość 1 dostawki),  ok. 30 m²,  zadbany,  nowocześnie urządzony,  centralna klimatyzacja z możliwością sterowania (w terminie: 15.06-15.10),  łazienka (wanna lub prysznic, wc, suszarka),  telewizja satelitarna,  telefon,  bezpłatne łóżeczko dla dziecka do 2 lat na zamówienie przed przyjazdem,  większość pokoi z balkonami (stolik i krzesełka),  za opłatą: minibar, sejf (ok. 3 EUR/dzień)	6549
45	Pokój superior 2 os.	2-os. (możliwość 1 dostawki),  ok. 30 m²,  zadbany,  nowocześnie urządzony,  centralna klimatyzacja z możliwością sterowania (w terminie: 15.06-15.10),  łazienka (wanna lub prysznic, wc, suszarka),  telewizja satelitarna,  telefon,  bezpłatne łóżeczko dla dziecka do 2 lat na zamówienie przed przyjazdem,  większość pokoi z balkonami (stolik i krzesełka),  za opłatą: minibar, sejf (ok. 3 EUR/dzień)	4159
45	Pokój superior 2 os. widok na basen	2-os. (możliwość 1 dostawki),  ok. 30 m²,  zadbany,  nowocześnie urządzony,  centralna klimatyzacja z możliwością sterowania (w terminie: 15.06-15.10),  łazienka (wanna lub prysznic, wc, suszarka),  telewizja satelitarna,  telefon,  bezpłatne łóżeczko dla dziecka do 2 lat na zamówienie przed przyjazdem,  większość pokoi z balkonami (stolik i krzesełka),  widok na basen,  za opłatą: minibar, sejf (ok. 3 EUR/dzień)	5059
45	Pokój superior 2 os. + 1 dostawka	2-os. (możliwość 1 dostawki),  ok. 30 m²,  zadbany,  nowocześnie urządzony,  centralna klimatyzacja z możliwością sterowania (w terminie: 15.06-15.10),  łazienka (wanna lub prysznic, wc, suszarka),  telewizja satelitarna,  telefon,  bezpłatne łóżeczko dla dziecka do 2 lat na zamówienie przed przyjazdem,  większość pokoi z balkonami (stolik i krzesełka),  za opłatą: minibar, sejf (ok. 3 EUR/dzień)	4159
45	Pokój superior 2 os. + 1 dostawka, widok na basen	2-os. (możliwość 1 dostawki),  ok. 30 m²,  zadbany,  nowocześnie urządzony,  centralna klimatyzacja z możliwością sterowania (w terminie: 15.06-15.10),  łazienka (wanna lub prysznic, wc, suszarka),  telewizja satelitarna,  telefon,  bezpłatne łóżeczko dla dziecka do 2 lat na zamówienie przed przyjazdem,  większość pokoi z balkonami (stolik i krzesełka),  widok na basen,  za opłatą: minibar, sejf (ok. 3 EUR/dzień)	5509
46	Pokój 1 os. boczny widok na morze	2-os. (możliwość 1 dostawki dla os. dorosłej lub 2 dzieci),  ok. 30 m²,  elegancki i nowoczesny,  indywidualnie sterowana klimatyzacja,  łazienka (prysznic, wc, suszarka),  internet bezprzewodowy,  telewizja satelitarna,  telefon,  lodówka,  sejf,  bezpłatne łóżeczko dla dziecka do 2 lat na zamówienie przed przyjazdem,  balkon,  boczny widok na morze	1780
46	Pokój 2 os. boczny widok na morze	2-os. (możliwość 1 dostawki dla os. dorosłej lub 2 dzieci),  ok. 30 m²,  elegancki i nowoczesny,  indywidualnie sterowana klimatyzacja,  łazienka (prysznic, wc, suszarka),  internet bezprzewodowy,  telewizja satelitarna,  telefon,  lodówka,  sejf,  bezpłatne łóżeczko dla dziecka do 2 lat na zamówienie przed przyjazdem,  balkon,  boczny widok na morze	1480
46	Pokój 2 os. + 1 dostawka, boczny widok na morze	2-os. (możliwość 1 dostawki dla os. dorosłej lub 2 dzieci),  ok. 30 m²,  elegancki i nowoczesny,  indywidualnie sterowana klimatyzacja,  łazienka (prysznic, wc, suszarka),  internet bezprzewodowy,  telewizja satelitarna,  telefon,  lodówka,  sejf,  bezpłatne łóżeczko dla dziecka do 2 lat na zamówienie przed przyjazdem,  balkon,  boczny widok na morze	1480
47	Pokój 1 os.	2-os. (możliwość 1 dostawki dla os. dorosłej lub 2 dostawek dla dzieci),  ok. 32 m²,  indywidualnie sterowana klimatyzacja,  wentylator sufitowy,  łazienka (prysznic, wc),  sejf,  mała lodówka,  bezpłatne łóżeczko dla dziecka do 2 lat na zamówienie przed przyjazdem,  balkon lub taras (stolik i krzesełka)	8713
47	Pokój 2 os.	2-os. (możliwość 1 dostawki dla os. dorosłej lub 2 dostawek dla dzieci),  ok. 32 m²,  indywidualnie sterowana klimatyzacja,  wentylator sufitowy,  łazienka (prysznic, wc),  sejf,  mała lodówka,  bezpłatne łóżeczko dla dziecka do 2 lat na zamówienie przed przyjazdem,  balkon lub taras (stolik i krzesełka)	8623
47	Pokój 2 os. + 1 dostawka	2-os. (możliwość 1 dostawki dla os. dorosłej lub 2 dostawek dla dzieci),  ok. 32 m²,  indywidualnie sterowana klimatyzacja,  wentylator sufitowy,  łazienka (prysznic, wc),  sejf,  mała lodówka,  bezpłatne łóżeczko dla dziecka do 2 lat na zamówienie przed przyjazdem,  balkon lub taras (stolik i krzesełka)	8623
48	Pokój 1 os. widok na basen	2-os. (możliwość 1 lub 2 dostawek dla dzieci),  ok. 30 m²,  zadbany,  wentylator,  łazienka (wanna lub prysznic, suszarka, wc),  internet bezprzewodowy,  telewizja satelitarna,  telefon,  lodówka,  bezpłatne łóżeczko dla dziecka do 2 lat,  balkon lub taras (stolik i krzesełka),  widok na basen,  za opłatą: sejf	5771
48	Pokój 2 os.	2-os. (możliwość 1 lub 2 dostawek dla dzieci),  ok. 30 m²,  zadbany,  wentylator,  łazienka (wanna lub prysznic, suszarka, wc),  internet bezprzewodowy,  telewizja satelitarna,  telefon,  lodówka,  bezpłatne łóżeczko dla dziecka do 2 lat,  balkon lub taras (stolik i krzesełka),  za opłatą: sejf	5029
48	Pokój 2 os. widok na basen	2-os. (możliwość 1 lub 2 dostawek dla dzieci),  ok. 30 m²,  zadbany,  wentylator,  łazienka (wanna lub prysznic, suszarka, wc),  internet bezprzewodowy,  telewizja satelitarna,  telefon,  lodówka,  bezpłatne łóżeczko dla dziecka do 2 lat,  balkon lub taras (stolik i krzesełka),  widok na basen,  za opłatą: sejf	5371
48	Pokój 2 os. + 1 dostawka	2-os. (możliwość 1 lub 2 dostawek dla dzieci),  ok. 30 m²,  zadbany,  wentylator,  łazienka (wanna lub prysznic, suszarka, wc),  internet bezprzewodowy,  telewizja satelitarna,  telefon,  lodówka,  bezpłatne łóżeczko dla dziecka do 2 lat,  balkon lub taras (stolik i krzesełka),  za opłatą: sejf	5029
48	Pokój 2 os. + 1 dostawka, widok na basen	2-os. (możliwość 1 lub 2 dostawek dla dzieci),  ok. 30 m²,  zadbany,  wentylator,  łazienka (wanna lub prysznic, suszarka, wc),  internet bezprzewodowy,  telewizja satelitarna,  telefon,  lodówka,  bezpłatne łóżeczko dla dziecka do 2 lat,  balkon lub taras (stolik i krzesełka),  widok na basen,  za opłatą: sejf	5542
49	Pokój superior 1 os.	2-os. (możliwość 1 dostawki – sofa),  elegancki i nowoczesny,  ok. 20 m²,  indywidualnie sterowana klimatyzacja,  łazienka (prysznic, wc, suszarka),  internet bezprzewodowy,  telewizja satelitarna, polskie programy,  telefon,  lodówka,  zestaw do kawy/herbaty,  sejf,  na życzenie: czajnik, żelazko, deska do prasowania,  balkon lub ogródek (stolik i krzesełka)	6689
49	Pokój superior 2 os.	2-os. (możliwość 1 dostawki – sofa),  elegancki i nowoczesny,  ok. 20 m²,  indywidualnie sterowana klimatyzacja,  łazienka (prysznic, wc, suszarka),  internet bezprzewodowy,  telewizja satelitarna, polskie programy,  telefon,  lodówka,  zestaw do kawy/herbaty,  sejf,  na życzenie: czajnik, żelazko, deska do prasowania,  balkon lub ogródek (stolik i krzesełka)	4199
49	Pokój superior 2 os. + 1 dostawka	2-os. (możliwość 1 dostawki – sofa),  elegancki i nowoczesny,  ok. 20 m²,  indywidualnie sterowana klimatyzacja,  łazienka (prysznic, wc, suszarka),  internet bezprzewodowy,  telewizja satelitarna, polskie programy,  telefon,  lodówka,  zestaw do kawy/herbaty,  sejf,  na życzenie: czajnik, żelazko, deska do prasowania,  balkon lub ogródek (stolik i krzesełka)	4199
4	Pokój 2 os.	2-os. (możliwość 1 dostawki dla os. dorosłej lub 2 dzieci),  ok. 30 m²,  zadbany,  indywidualnie sterowana klimatyzacja,  łazienka (wanna z prysznicem, wc; suszarka),  telewizor,  sejf,  zestaw do kawy/herbaty,  bezpłatne łóżeczko dla dziecka do 2 lat na zamówienie przed przyjazdem,  balkon lub taras (stolik i krzesełka),  za opłatą: internet bezprzewodowy, minibar (uzupełniany na życzenie, płatny wg konsumpcji)	4949
7	Pokój 2 os.	2-os. (możliwość 1 dostawki dla os. dorosłej lub 2 dzieci),  ok. 32 m²,  zadbany i nowoczesny,  centralna klimatyzacja,  łazienka (wanna lub prysznic, suszarka),  internet bezprzewodowy,  telewizja satelitarna,  telefon,  sejf,  lodówka,  bezpłatne łóżeczko dla dziecka do 2 lat na zamówienie przed przyjazdem	3809
9	Pokój 2 os.	2-os. (możliwość 1 dostawki),  ok. 30 m²,  nowoczesny,  klimatyzowany,  łazienka (prysznic, wc, suszarka),  internet bezprzewodowy,  telewizor,  telefon,  lodówka,  sejf,  balkon,  za opłatą: minibar (wg zużycia)	2899
14	Pokój 1 os.	2-os. (możliwość 1 dostawki),  ok. 31 m²,  indywidualnie sterowana klimatyzacja,  łazienka (wanna lub prysznic, wc, suszarka),  telefon,  sejf,  bezpłatne łóżeczko dla dziecka do 2 lat na zamówienie przed przyjazdem,  balkon, taras lub ogródek (stolik i krzesełka),  widok na ogród lub basen,  za opłatą: minibar	10459
14	Pokój 2 os.	2-os. (możliwość 1 dostawki),  ok. 31 m²,  indywidualnie sterowana klimatyzacja,  łazienka (wanna lub prysznic, wc, suszarka),  telefon,  sejf,  bezpłatne łóżeczko dla dziecka do 2 lat na zamówienie przed przyjazdem,  balkon, taras lub ogródek (stolik i krzesełka),  widok na ogród lub basen,  za opłatą: minibar	7169
17	Pokój 2 os.	2-os. (możliwość 1 dostawki),  ok. 40 m²,  nowoczesny i zadbany,  indywidualnie starowana klimatyzacja,  łazienka (wanna lub prysznic, wc, suszarka),  internet bezprzewodowy,  telewizor,  telefon,  lodówka,  sejf,  bezpłatne łóżeczko dla dziecka do 2 lat na zamówienie przed przyjazdem,  balkon lub taras (stolik i krzesełka)	2219
26	Pokój 2 os.	2-os. (możliwość 1 dostawki dla os. dorosłej lub 2 dostawek dla dzieci),  ok. 25 m²,  zadbany,  klimatyzowany,  łazienka (wanna lub prysznic, wc, suszarka),  internet bezprzewodowy,  telewizja satelitarna,  telefon,  bezpłatne łóżeczko dla dziecka do 2 lat na zamówienie przed przyjazdem,  balkon lub taras (stolik i krzesełka),  widok na ogród,  za opłatą: minibar, sejf	3349
26	Pokój 1 os.	2-os. (możliwość 1 dostawki dla os. dorosłej lub 2 dostawek dla dzieci),  ok. 25 m²,  zadbany,  klimatyzowany,  łazienka (wanna lub prysznic, wc, suszarka),  internet bezprzewodowy,  telewizja satelitarna,  telefon,  bezpłatne łóżeczko dla dziecka do 2 lat na zamówienie przed przyjazdem,  balkon lub taras (stolik i krzesełka),  widok na ogród,  za opłatą: minibar, sejf	4148
29	Pokój 2 os.	2-os. (możliwość 1 dostawki),  ok. 31 m²,  indywidualnie sterowana klimatyzacja,  łazienka (wanna lub prysznic, wc, suszarka),  telefon,  sejf,  bezpłatne łóżeczko dla dziecka do 2 lat na zamówienie przed przyjazdem,  balkon, taras lub ogródek (stolik i krzesełka),  widok na ogród lub basen,  za opłatą: minibar	7169
30	Pokój 2 os.	2-os. (możliwość 1 dostawki),  ok. 31 m²,  indywidualnie sterowana klimatyzacja,  łazienka (wanna lub prysznic, wc, suszarka),  telefon,  sejf,  bezpłatne łóżeczko dla dziecka do 2 lat na zamówienie przed przyjazdem,  balkon, taras lub ogródek (stolik i krzesełka),  widok na ogród lub basen,  za opłatą: minibar	7169
31	Pokój 2 os.	2-os. (możliwość 1 dostawki),  ok. 31 m²,  indywidualnie sterowana klimatyzacja,  łazienka (wanna lub prysznic, wc, suszarka),  telefon,  sejf,  bezpłatne łóżeczko dla dziecka do 2 lat na zamówienie przed przyjazdem,  balkon, taras lub ogródek (stolik i krzesełka),  widok na ogród lub basen,  za opłatą: minibar	7169
32	Pokój 2 os.	2-os. (możliwość 1 dostawki),  ok. 31 m²,  indywidualnie sterowana klimatyzacja,  łazienka (wanna lub prysznic, wc, suszarka),  telefon,  sejf,  bezpłatne łóżeczko dla dziecka do 2 lat na zamówienie przed przyjazdem,  balkon, taras lub ogródek (stolik i krzesełka),  widok na ogród lub basen,  za opłatą: minibar	7169
35	Pokój 2 os.	2-os. (możliwość 1 dostawki),  ok. 31 m²,  indywidualnie sterowana klimatyzacja,  łazienka (wanna lub prysznic, wc, suszarka),  telefon,  sejf,  bezpłatne łóżeczko dla dziecka do 2 lat na zamówienie przed przyjazdem,  balkon, taras lub ogródek (stolik i krzesełka),  widok na ogród lub basen,  za opłatą: minibar	7169
35	Pokój 1 os.	2-os. (możliwość 1 dostawki),  ok. 31 m²,  indywidualnie sterowana klimatyzacja,  łazienka (wanna lub prysznic, wc, suszarka),  telefon,  sejf,  bezpłatne łóżeczko dla dziecka do 2 lat na zamówienie przed przyjazdem,  balkon, taras lub ogródek (stolik i krzesełka),  widok na ogród lub basen,  za opłatą: minibar	10459