idHotel	photoUrl
0	https://wr.content4travel.com/itk-pl/img/rmflazu_0.jpg?version=20240214-1509&source=lib&width=1200&imgTag=1
0	https://wr.content4travel.com/itk-pl/img/rmflazu_1.jpg?version=20240214-1509&source=lib&width=1200&imgTag=1
0	https://wr.content4travel.com/itk-pl/img/rmflazu_2.jpg?version=20240214-1509&source=lib&width=1200&imgTag=1
0	https://wr.content4travel.com/itk-pl/img/rmflazu_3.jpg?version=20240214-1509&source=lib&width=1200&imgTag=1
0	https://wr.content4travel.com/itk-pl/img/rmflazu_4.jpg?version=20240214-1509&source=lib&width=1200&imgTag=1
1	https://wr.content4travel.com/itk-pl/img/cfuange_0.jpg?version=20240206-1441&source=lib&width=1200&imgTag=1
1	https://wr.content4travel.com/itk-pl/img/cfuange_1.jpg?version=20240206-1441&source=lib&width=1200&imgTag=1
1	https://wr.content4travel.com/itk-pl/img/cfuange_2.jpg?version=20240206-1441&source=lib&width=1200&imgTag=1
1	https://wr.content4travel.com/itk-pl/img/cfuange_3.jpg?version=20240206-1441&source=lib&width=1200&imgTag=1
1	https://wr.content4travel.com/itk-pl/img/cfuange_4.jpg?version=20240206-1441&source=lib&width=1200&imgTag=1
2	https://wr.content4travel.com/itk-pl/img/tiasunn_0.jpg?version=20240209-1514&source=lib&width=1200&imgTag=1
2	https://wr.content4travel.com/itk-pl/img/tiasunn_1.jpg?version=20240209-1514&source=lib&width=1200&imgTag=1
2	https://wr.content4travel.com/itk-pl/img/tiasunn_2.jpg?version=20240209-1514&source=lib&width=1200&imgTag=1
2	https://wr.content4travel.com/itk-pl/img/tiasunn_3.jpg?version=20240209-1514&source=lib&width=1200&imgTag=1
2	https://wr.content4travel.com/itk-pl/img/tiasunn_4.jpg?version=20240209-1514&source=lib&width=1200&imgTag=1
3	https://wr.content4travel.com/itk-pl/img/fueprin_0.jpg?version=20240214-1520&source=lib&width=1200&imgTag=1
3	https://wr.content4travel.com/itk-pl/img/fueprin_1.jpg?version=20240214-1520&source=lib&width=1200&imgTag=1
3	https://wr.content4travel.com/itk-pl/img/fueprin_2.jpg?version=20240214-1520&source=lib&width=1200&imgTag=1
3	https://wr.content4travel.com/itk-pl/img/fueprin_3.jpg?version=20240214-1520&source=lib&width=1200&imgTag=1
3	https://wr.content4travel.com/itk-pl/img/fueprin_4.jpg?version=20240214-1520&source=lib&width=1200&imgTag=1
4	https://wr.content4travel.com/itk-pl/img/sllfana_0.jpg?version=20231204-2009&source=lib&width=1200&imgTag=1
4	https://wr.content4travel.com/itk-pl/img/sllfana_1.jpg?version=20231204-2009&source=lib&width=1200&imgTag=1
4	https://wr.content4travel.com/itk-pl/img/sllfana_2.jpg?version=20231204-2009&source=lib&width=1200&imgTag=1
4	https://wr.content4travel.com/itk-pl/img/sllfana_3.jpg?version=20231204-2009&source=lib&width=1200&imgTag=1
4	https://wr.content4travel.com/itk-pl/img/sllfana_4.jpg?version=20231204-2009&source=lib&width=1200&imgTag=1
5	https://wr.content4travel.com/itk-pl/img/rmfcasa_0.jpg?version=20240305-1617&source=lib&width=1200&imgTag=1
5	https://wr.content4travel.com/itk-pl/img/rmfcasa_1.jpg?version=20240305-1617&source=lib&width=1200&imgTag=1
5	https://wr.content4travel.com/itk-pl/img/rmfcasa_2.jpg?version=20240305-1617&source=lib&width=1200&imgTag=1
5	https://wr.content4travel.com/itk-pl/img/rmfcasa_3.jpg?version=20240305-1617&source=lib&width=1200&imgTag=1
5	https://wr.content4travel.com/itk-pl/img/rmfcasa_4.jpg?version=20240305-1617&source=lib&width=1200&imgTag=1
6	https://wr.content4travel.com/itk-pl/img/tiagrin_0.jpg?version=20240130-1118&source=lib&width=1200&imgTag=1
6	https://wr.content4travel.com/itk-pl/img/tiagrin_1.jpg?version=20240130-1118&source=lib&width=1200&imgTag=1
6	https://wr.content4travel.com/itk-pl/img/tiagrin_2.jpg?version=20240130-1118&source=lib&width=1200&imgTag=1
6	https://wr.content4travel.com/itk-pl/img/tiagrin_3.jpg?version=20240130-1118&source=lib&width=1200&imgTag=1
6	https://wr.content4travel.com/itk-pl/img/tiagrin_4.jpg?version=20240130-1118&source=lib&width=1200&imgTag=1
7	https://wr.content4travel.com/itk-pl/img/cmbradp_0.jpg?version=20240306-1458&source=lib&width=1200&imgTag=1
7	https://wr.content4travel.com/itk-pl/img/cmbradp_1.jpg?version=20240306-1458&source=lib&width=1200&imgTag=1
7	https://wr.content4travel.com/itk-pl/img/cmbradp_2.jpg?version=20240306-1458&source=lib&width=1200&imgTag=1
7	https://wr.content4travel.com/itk-pl/img/cmbradp_3.jpg?version=20240306-1458&source=lib&width=1200&imgTag=1
7	https://wr.content4travel.com/itk-pl/img/cmbradp_4.jpg?version=20240306-1458&source=lib&width=1200&imgTag=1
8	https://wr.content4travel.com/itk-pl/img/tiarolu_0.jpg?version=20240205-1359&source=lib&width=1200&imgTag=1
8	https://wr.content4travel.com/itk-pl/img/tiarolu_1.jpg?version=20240205-1359&source=lib&width=1200&imgTag=1
8	https://wr.content4travel.com/itk-pl/img/tiarolu_2.jpg?version=20240205-1359&source=lib&width=1200&imgTag=1
8	https://wr.content4travel.com/itk-pl/img/tiarolu_3.jpg?version=20240205-1359&source=lib&width=1200&imgTag=1
8	https://wr.content4travel.com/itk-pl/img/tiarolu_4.jpg?version=20240205-1359&source=lib&width=1200&imgTag=1
9	https://wr.content4travel.com/itk-pl/img/sllrota_0.jpg?version=20231129-1047&source=lib&width=1200&imgTag=1
9	https://wr.content4travel.com/itk-pl/img/sllrota_1.jpg?version=20231129-1047&source=lib&width=1200&imgTag=1
9	https://wr.content4travel.com/itk-pl/img/sllrota_2.jpg?version=20231129-1047&source=lib&width=1200&imgTag=1
9	https://wr.content4travel.com/itk-pl/img/sllrota_3.jpg?version=20231129-1047&source=lib&width=1200&imgTag=1
9	https://wr.content4travel.com/itk-pl/img/sllrota_4.jpg?version=20231129-1047&source=lib&width=1200&imgTag=1
10	https://wr.content4travel.com/itk-pl/img/znzuroa_0.jpg?version=20240222-1458&source=lib&width=1200&imgTag=1
10	https://wr.content4travel.com/itk-pl/img/znzuroa_1.jpg?version=20240222-1458&source=lib&width=1200&imgTag=1
10	https://wr.content4travel.com/itk-pl/img/znzuroa_2.jpg?version=20240222-1458&source=lib&width=1200&imgTag=1
10	https://wr.content4travel.com/itk-pl/img/znzuroa_3.jpg?version=20240222-1458&source=lib&width=1200&imgTag=1
10	https://wr.content4travel.com/itk-pl/img/znzuroa_4.jpg?version=20240222-1458&source=lib&width=1200&imgTag=1
11	https://wr.content4travel.com/itk-pl/img/rmftulr_0.jpg?version=20240119-1523&source=lib&width=1200&imgTag=1
11	https://wr.content4travel.com/itk-pl/img/rmftulr_1.jpg?version=20240119-1523&source=lib&width=1200&imgTag=1
11	https://wr.content4travel.com/itk-pl/img/rmftulr_2.jpg?version=20240119-1523&source=lib&width=1200&imgTag=1
11	https://wr.content4travel.com/itk-pl/img/rmftulr_3.jpg?version=20240119-1523&source=lib&width=1200&imgTag=1
11	https://wr.content4travel.com/itk-pl/img/rmftulr_4.jpg?version=20240119-1523&source=lib&width=1200&imgTag=1
12	https://wr.content4travel.com/itk-pl/img/mbalion_0.jpg?version=20240205-1505&source=lib&width=1200&imgTag=1
12	https://wr.content4travel.com/itk-pl/img/mbalion_1.jpg?version=20240205-1505&source=lib&width=1200&imgTag=1
12	https://wr.content4travel.com/itk-pl/img/mbalion_2.jpg?version=20240205-1505&source=lib&width=1200&imgTag=1
12	https://wr.content4travel.com/itk-pl/img/mbalion_3.jpg?version=20240205-1505&source=lib&width=1200&imgTag=1
12	https://wr.content4travel.com/itk-pl/img/mbalion_4.jpg?version=20240205-1505&source=lib&width=1200&imgTag=1
13	https://wr.content4travel.com/itk-pl/img/rmfsata_0.jpg?version=20240117-1719&source=lib&width=1200&imgTag=1
13	https://wr.content4travel.com/itk-pl/img/rmfsata_1.jpg?version=20240117-1719&source=lib&width=1200&imgTag=1
13	https://wr.content4travel.com/itk-pl/img/rmfsata_2.jpg?version=20240117-1719&source=lib&width=1200&imgTag=1
13	https://wr.content4travel.com/itk-pl/img/rmfsata_3.jpg?version=20240117-1719&source=lib&width=1200&imgTag=1
13	https://wr.content4travel.com/itk-pl/img/rmfsata_4.jpg?version=20240117-1719&source=lib&width=1200&imgTag=1
14	https://wr.content4travel.com/itk-pl/img/sufcate_0.jpg?version=20240104-1533&source=lib&width=1200&imgTag=1
14	https://wr.content4travel.com/itk-pl/img/sufcate_1.jpg?version=20240104-1533&source=lib&width=1200&imgTag=1
14	https://wr.content4travel.com/itk-pl/img/sufcate_2.jpg?version=20240104-1533&source=lib&width=1200&imgTag=1
14	https://wr.content4travel.com/itk-pl/img/sufcate_3.jpg?version=20240104-1533&source=lib&width=1200&imgTag=1
14	https://wr.content4travel.com/itk-pl/img/sufcate_4.jpg?version=20240104-1533&source=lib&width=1200&imgTag=1
15	https://wr.content4travel.com/itk-pl/img/znzdone_0.jpg?version=20231031-1126&source=lib&width=1200&imgTag=1
15	https://wr.content4travel.com/itk-pl/img/znzdone_1.jpg?version=20231031-1126&source=lib&width=1200&imgTag=1
15	https://wr.content4travel.com/itk-pl/img/znzdone_2.jpg?version=20231031-1126&source=lib&width=1200&imgTag=1
15	https://wr.content4travel.com/itk-pl/img/znzdone_3.jpg?version=20231031-1126&source=lib&width=1200&imgTag=1
15	https://wr.content4travel.com/itk-pl/img/znzdone_4.jpg?version=20231031-1126&source=lib&width=1200&imgTag=1
16	https://wr.content4travel.com/itk-pl/img/tiaalvi_0.jpg?version=20231205-1315&source=lib&width=1200&imgTag=1
16	https://wr.content4travel.com/itk-pl/img/tiaalvi_1.jpg?version=20231205-1315&source=lib&width=1200&imgTag=1
16	https://wr.content4travel.com/itk-pl/img/tiaalvi_2.jpg?version=20231205-1315&source=lib&width=1200&imgTag=1
16	https://wr.content4travel.com/itk-pl/img/tiaalvi_3.jpg?version=20231205-1315&source=lib&width=1200&imgTag=1
16	https://wr.content4travel.com/itk-pl/img/tiaalvi_4.jpg?version=20231205-1315&source=lib&width=1200&imgTag=1
17	https://wr.content4travel.com/itk-pl/img/aceacti_0.jpg?version=20240301-1816&source=lib&width=1200&imgTag=1
17	https://wr.content4travel.com/itk-pl/img/aceacti_1.jpg?version=20240301-1816&source=lib&width=1200&imgTag=1
17	https://wr.content4travel.com/itk-pl/img/aceacti_2.jpg?version=20240301-1816&source=lib&width=1200&imgTag=1
17	https://wr.content4travel.com/itk-pl/img/aceacti_3.jpg?version=20240301-1816&source=lib&width=1200&imgTag=1
17	https://wr.content4travel.com/itk-pl/img/aceacti_4.jpg?version=20240301-1816&source=lib&width=1200&imgTag=1
18	https://wr.content4travel.com/itk-pl/img/spcprin_0.jpg?version=20240206-1539&source=lib&width=1200&imgTag=1
18	https://wr.content4travel.com/itk-pl/img/spcprin_1.jpg?version=20240206-1539&source=lib&width=1200&imgTag=1
18	https://wr.content4travel.com/itk-pl/img/spcprin_2.jpg?version=20240206-1539&source=lib&width=1200&imgTag=1
18	https://wr.content4travel.com/itk-pl/img/spcprin_3.jpg?version=20240206-1539&source=lib&width=1200&imgTag=1
18	https://wr.content4travel.com/itk-pl/img/spcprin_4.jpg?version=20240206-1539&source=lib&width=1200&imgTag=1
19	https://wr.content4travel.com/itk-pl/img/asrlibr_0.jpg?version=20240220-1030&source=lib&width=1200&imgTag=1
19	https://wr.content4travel.com/itk-pl/img/asrlibr_1.jpg?version=20240220-1030&source=lib&width=1200&imgTag=1
19	https://wr.content4travel.com/itk-pl/img/asrlibr_2.jpg?version=20240220-1030&source=lib&width=1200&imgTag=1
19	https://wr.content4travel.com/itk-pl/img/asrlibr_3.jpg?version=20240220-1030&source=lib&width=1200&imgTag=1
19	https://wr.content4travel.com/itk-pl/img/asrlibr_4.jpg?version=20240220-1030&source=lib&width=1200&imgTag=1
20	https://wr.content4travel.com/itk-pl/img/tiaaqua_0.jpg?version=20240312-1614&source=lib&width=1200&imgTag=1
20	https://wr.content4travel.com/itk-pl/img/tiaaqua_1.jpg?version=20240312-1614&source=lib&width=1200&imgTag=1
20	https://wr.content4travel.com/itk-pl/img/tiaaqua_2.jpg?version=20240312-1614&source=lib&width=1200&imgTag=1
20	https://wr.content4travel.com/itk-pl/img/tiaaqua_3.jpg?version=20240312-1614&source=lib&width=1200&imgTag=1
20	https://wr.content4travel.com/itk-pl/img/tiaaqua_4.jpg?version=20240312-1614&source=lib&width=1200&imgTag=1
21	https://wr.content4travel.com/itk-pl/img/asrlago_0.jpg?version=20240226-1507&source=lib&width=1200&imgTag=1
21	https://wr.content4travel.com/itk-pl/img/asrlago_1.jpg?version=20240226-1507&source=lib&width=1200&imgTag=1
21	https://wr.content4travel.com/itk-pl/img/asrlago_2.jpg?version=20240226-1507&source=lib&width=1200&imgTag=1
21	https://wr.content4travel.com/itk-pl/img/asrlago_3.jpg?version=20240226-1507&source=lib&width=1200&imgTag=1
21	https://wr.content4travel.com/itk-pl/img/asrlago_4.jpg?version=20240226-1507&source=lib&width=1200&imgTag=1
22	https://wr.content4travel.com/itk-pl/img/kbvvill_0.jpg?version=20231031-1103&source=lib&width=1200&imgTag=1
22	https://wr.content4travel.com/itk-pl/img/kbvvill_1.jpg?version=20231031-1103&source=lib&width=1200&imgTag=1
22	https://wr.content4travel.com/itk-pl/img/kbvvill_2.jpg?version=20231031-1103&source=lib&width=1200&imgTag=1
22	https://wr.content4travel.com/itk-pl/img/kbvvill_3.jpg?version=20231031-1103&source=lib&width=1200&imgTag=1
22	https://wr.content4travel.com/itk-pl/img/kbvvill_4.jpg?version=20231031-1103&source=lib&width=1200&imgTag=1
23	https://wr.content4travel.com/itk-pl/img/mlapara_0.jpg?version=20240308-1459&source=lib&width=1200&imgTag=1
23	https://wr.content4travel.com/itk-pl/img/mlapara_1.jpg?version=20240308-1459&source=lib&width=1200&imgTag=1
23	https://wr.content4travel.com/itk-pl/img/mlapara_2.jpg?version=20240308-1459&source=lib&width=1200&imgTag=1
23	https://wr.content4travel.com/itk-pl/img/mlapara_3.jpg?version=20240308-1459&source=lib&width=1200&imgTag=1
23	https://wr.content4travel.com/itk-pl/img/mlapara_4.jpg?version=20240308-1459&source=lib&width=1200&imgTag=1
24	https://wr.content4travel.com/itk-pl/img/aytserr_0.jpg?version=20240212-1527&source=lib&width=1200&imgTag=1
24	https://wr.content4travel.com/itk-pl/img/aytserr_1.jpg?version=20240212-1527&source=lib&width=1200&imgTag=1
24	https://wr.content4travel.com/itk-pl/img/aytserr_2.jpg?version=20240212-1527&source=lib&width=1200&imgTag=1
24	https://wr.content4travel.com/itk-pl/img/aytserr_3.jpg?version=20240212-1527&source=lib&width=1200&imgTag=1
24	https://wr.content4travel.com/itk-pl/img/aytserr_4.jpg?version=20240212-1527&source=lib&width=1200&imgTag=1
25	https://wr.content4travel.com/itk-pl/img/tfsjard_0.jpg?version=20231221-1142&source=lib&width=1200&imgTag=1
25	https://wr.content4travel.com/itk-pl/img/tfsjard_1.jpg?version=20231221-1142&source=lib&width=1200&imgTag=1
25	https://wr.content4travel.com/itk-pl/img/tfsjard_2.jpg?version=20231221-1142&source=lib&width=1200&imgTag=1
25	https://wr.content4travel.com/itk-pl/img/tfsjard_3.jpg?version=20231221-1142&source=lib&width=1200&imgTag=1
25	https://wr.content4travel.com/itk-pl/img/tfsjard_4.jpg?version=20231221-1142&source=lib&width=1200&imgTag=1
26	https://wr.content4travel.com/itk-pl/img/herthem_0.jpg?version=20240123-1554&source=lib&width=1200&imgTag=1
26	https://wr.content4travel.com/itk-pl/img/herthem_1.jpg?version=20240123-1554&source=lib&width=1200&imgTag=1
26	https://wr.content4travel.com/itk-pl/img/herthem_2.jpg?version=20240123-1554&source=lib&width=1200&imgTag=1
26	https://wr.content4travel.com/itk-pl/img/herthem_3.jpg?version=20240123-1554&source=lib&width=1200&imgTag=1
26	https://wr.content4travel.com/itk-pl/img/herthem_4.jpg?version=20240123-1554&source=lib&width=1200&imgTag=1
27	https://wr.content4travel.com/itk-pl/img/fncdomg_0.jpg?version=20231031-1022&source=lib&width=1200&imgTag=1
27	https://wr.content4travel.com/itk-pl/img/fncdomg_1.jpg?version=20231031-1022&source=lib&width=1200&imgTag=1
27	https://wr.content4travel.com/itk-pl/img/fncdomg_2.jpg?version=20231031-1022&source=lib&width=1200&imgTag=1
27	https://wr.content4travel.com/itk-pl/img/fncdomg_3.jpg?version=20231031-1022&source=lib&width=1200&imgTag=1
27	https://wr.content4travel.com/itk-pl/img/fncdomg_4.jpg?version=20231031-1022&source=lib&width=1200&imgTag=1
28	https://wr.content4travel.com/itk-pl/img/pmivist_0.jpg?version=20231031-1035&source=lib&width=1200&imgTag=1
28	https://wr.content4travel.com/itk-pl/img/pmivist_1.jpg?version=20231031-1035&source=lib&width=1200&imgTag=1
28	https://wr.content4travel.com/itk-pl/img/pmivist_2.jpg?version=20231031-1035&source=lib&width=1200&imgTag=1
28	https://wr.content4travel.com/itk-pl/img/pmivist_3.jpg?version=20231031-1035&source=lib&width=1200&imgTag=1
28	https://wr.content4travel.com/itk-pl/img/pmivist_4.jpg?version=20231031-1035&source=lib&width=1200&imgTag=1
29	https://wr.content4travel.com/itk-pl/img/cmbjiej_0.jpg?version=20240229-1520&source=lib&width=1200&imgTag=1
29	https://wr.content4travel.com/itk-pl/img/cmbjiej_1.jpg?version=20240229-1520&source=lib&width=1200&imgTag=1
29	https://wr.content4travel.com/itk-pl/img/cmbjiej_2.jpg?version=20240229-1520&source=lib&width=1200&imgTag=1
29	https://wr.content4travel.com/itk-pl/img/cmbjiej_3.jpg?version=20240229-1520&source=lib&width=1200&imgTag=1
29	https://wr.content4travel.com/itk-pl/img/cmbjiej_4.jpg?version=20240229-1520&source=lib&width=1200&imgTag=1
30	https://wr.content4travel.com/itk-pl/img/znzemer_0.jpg?version=20240206-1518&source=lib&width=1200&imgTag=1
30	https://wr.content4travel.com/itk-pl/img/znzemer_1.jpg?version=20240206-1518&source=lib&width=1200&imgTag=1
30	https://wr.content4travel.com/itk-pl/img/znzemer_2.jpg?version=20240206-1518&source=lib&width=1200&imgTag=1
30	https://wr.content4travel.com/itk-pl/img/znzemer_3.jpg?version=20240206-1518&source=lib&width=1200&imgTag=1
30	https://wr.content4travel.com/itk-pl/img/znzemer_4.jpg?version=20240206-1518&source=lib&width=1200&imgTag=1
31	https://wr.content4travel.com/itk-pl/img/bdsbama_0.jpg?version=20240104-1532&source=lib&width=1200&imgTag=1
31	https://wr.content4travel.com/itk-pl/img/bdsbama_1.jpg?version=20240104-1532&source=lib&width=1200&imgTag=1
31	https://wr.content4travel.com/itk-pl/img/bdsbama_2.jpg?version=20240104-1532&source=lib&width=1200&imgTag=1
31	https://wr.content4travel.com/itk-pl/img/bdsbama_3.jpg?version=20240104-1532&source=lib&width=1200&imgTag=1
31	https://wr.content4travel.com/itk-pl/img/bdsbama_4.jpg?version=20240104-1532&source=lib&width=1200&imgTag=1
32	https://wr.content4travel.com/itk-pl/img/cmbtemg_0.jpg?version=20240229-1517&source=lib&width=1200&imgTag=1
32	https://wr.content4travel.com/itk-pl/img/cmbtemg_1.jpg?version=20240229-1517&source=lib&width=1200&imgTag=1
32	https://wr.content4travel.com/itk-pl/img/cmbtemg_2.jpg?version=20240229-1517&source=lib&width=1200&imgTag=1
32	https://wr.content4travel.com/itk-pl/img/cmbtemg_3.jpg?version=20240229-1517&source=lib&width=1200&imgTag=1
32	https://wr.content4travel.com/itk-pl/img/cmbtemg_4.jpg?version=20240229-1517&source=lib&width=1200&imgTag=1
33	https://wr.content4travel.com/itk-pl/img/herterr_0.jpg?version=20231205-1316&source=lib&width=1200&imgTag=1
33	https://wr.content4travel.com/itk-pl/img/herterr_1.jpg?version=20231205-1316&source=lib&width=1200&imgTag=1
33	https://wr.content4travel.com/itk-pl/img/herterr_2.jpg?version=20231205-1316&source=lib&width=1200&imgTag=1
33	https://wr.content4travel.com/itk-pl/img/herterr_3.jpg?version=20231205-1316&source=lib&width=1200&imgTag=1
33	https://wr.content4travel.com/itk-pl/img/herterr_4.jpg?version=20231205-1316&source=lib&width=1200&imgTag=1
34	https://wr.content4travel.com/itk-pl/img/hktsent_0.jpg?version=20231212-1623&source=lib&width=1200&imgTag=1
34	https://wr.content4travel.com/itk-pl/img/hktsent_1.jpg?version=20231212-1623&source=lib&width=1200&imgTag=1
34	https://wr.content4travel.com/itk-pl/img/hktsent_2.jpg?version=20231212-1623&source=lib&width=1200&imgTag=1
34	https://wr.content4travel.com/itk-pl/img/hktsent_3.jpg?version=20231212-1623&source=lib&width=1200&imgTag=1
34	https://wr.content4travel.com/itk-pl/img/hktsent_4.jpg?version=20231212-1623&source=lib&width=1200&imgTag=1
35	https://wr.content4travel.com/itk-pl/img/pmocost_0.jpg?version=20231031-1040&source=lib&width=1200&imgTag=1
35	https://wr.content4travel.com/itk-pl/img/pmocost_1.jpg?version=20231031-1040&source=lib&width=1200&imgTag=1
35	https://wr.content4travel.com/itk-pl/img/pmocost_2.jpg?version=20231031-1040&source=lib&width=1200&imgTag=1
35	https://wr.content4travel.com/itk-pl/img/pmocost_3.jpg?version=20231031-1040&source=lib&width=1200&imgTag=1
35	https://wr.content4travel.com/itk-pl/img/pmocost_4.jpg?version=20231031-1040&source=lib&width=1200&imgTag=1
36	https://wr.content4travel.com/itk-pl/img/aytviki_0.jpg?version=20231031-1104&source=lib&width=1200&imgTag=1
36	https://wr.content4travel.com/itk-pl/img/aytviki_1.jpg?version=20231031-1104&source=lib&width=1200&imgTag=1
36	https://wr.content4travel.com/itk-pl/img/aytviki_2.jpg?version=20231031-1104&source=lib&width=1200&imgTag=1
36	https://wr.content4travel.com/itk-pl/img/aytviki_3.jpg?version=20231031-1104&source=lib&width=1200&imgTag=1
36	https://wr.content4travel.com/itk-pl/img/aytviki_4.jpg?version=20231031-1104&source=lib&width=1200&imgTag=1
37	https://wr.content4travel.com/itk-pl/img/nosroya_0.jpg?version=20231031-1126&source=lib&width=1200&imgTag=1
37	https://wr.content4travel.com/itk-pl/img/nosroya_1.jpg?version=20231031-1126&source=lib&width=1200&imgTag=1
37	https://wr.content4travel.com/itk-pl/img/nosroya_2.jpg?version=20231031-1126&source=lib&width=1200&imgTag=1
37	https://wr.content4travel.com/itk-pl/img/nosroya_3.jpg?version=20231031-1126&source=lib&width=1200&imgTag=1
37	https://wr.content4travel.com/itk-pl/img/nosroya_4.jpg?version=20231031-1126&source=lib&width=1200&imgTag=1
38	https://wr.content4travel.com/itk-pl/img/lpacata_0.jpg?version=20231218-2010&source=lib&width=1200&imgTag=1
38	https://wr.content4travel.com/itk-pl/img/lpacata_1.jpg?version=20231218-2010&source=lib&width=1200&imgTag=1
38	https://wr.content4travel.com/itk-pl/img/lpacata_2.jpg?version=20231218-2010&source=lib&width=1200&imgTag=1
38	https://wr.content4travel.com/itk-pl/img/lpacata_3.jpg?version=20231218-2010&source=lib&width=1200&imgTag=1
38	https://wr.content4travel.com/itk-pl/img/lpacata_4.jpg?version=20231218-2010&source=lib&width=1200&imgTag=1
39	https://wr.content4travel.com/itk-pl/img/zthazur_0.jpg?version=20231213-1149&source=lib&width=1200&imgTag=1
39	https://wr.content4travel.com/itk-pl/img/zthazur_1.jpg?version=20231213-1149&source=lib&width=1200&imgTag=1
39	https://wr.content4travel.com/itk-pl/img/zthazur_2.jpg?version=20231213-1149&source=lib&width=1200&imgTag=1
39	https://wr.content4travel.com/itk-pl/img/zthazur_3.jpg?version=20231213-1149&source=lib&width=1200&imgTag=1
39	https://wr.content4travel.com/itk-pl/img/zthazur_4.jpg?version=20231213-1149&source=lib&width=1200&imgTag=1
40	https://wr.content4travel.com/itk-pl/img/pmosant_0.jpg?version=20231031-1040&source=lib&width=1200&imgTag=1
40	https://wr.content4travel.com/itk-pl/img/pmosant_1.jpg?version=20231031-1040&source=lib&width=1200&imgTag=1
40	https://wr.content4travel.com/itk-pl/img/pmosant_2.jpg?version=20231031-1040&source=lib&width=1200&imgTag=1
40	https://wr.content4travel.com/itk-pl/img/pmosant_3.jpg?version=20231031-1040&source=lib&width=1200&imgTag=1
40	https://wr.content4travel.com/itk-pl/img/pmosant_4.jpg?version=20231031-1040&source=lib&width=1200&imgTag=1
41	https://wr.content4travel.com/itk-pl/img/bvcroya_0.jpg?version=20231221-1121&source=lib&width=1200&imgTag=1
41	https://wr.content4travel.com/itk-pl/img/bvcroya_1.jpg?version=20231221-1121&source=lib&width=1200&imgTag=1
41	https://wr.content4travel.com/itk-pl/img/bvcroya_2.jpg?version=20231221-1121&source=lib&width=1200&imgTag=1
41	https://wr.content4travel.com/itk-pl/img/bvcroya_3.jpg?version=20231221-1121&source=lib&width=1200&imgTag=1
41	https://wr.content4travel.com/itk-pl/img/bvcroya_4.jpg?version=20231221-1121&source=lib&width=1200&imgTag=1
42	https://wr.content4travel.com/itk-pl/img/fuepaja_0.jpg?version=20231031-1042&source=lib&width=1200&imgTag=1
42	https://wr.content4travel.com/itk-pl/img/fuepaja_1.jpg?version=20231031-1042&source=lib&width=1200&imgTag=1
42	https://wr.content4travel.com/itk-pl/img/fuepaja_2.jpg?version=20231031-1042&source=lib&width=1200&imgTag=1
42	https://wr.content4travel.com/itk-pl/img/fuepaja_3.jpg?version=20231031-1042&source=lib&width=1200&imgTag=1
42	https://wr.content4travel.com/itk-pl/img/fuepaja_4.jpg?version=20231031-1042&source=lib&width=1200&imgTag=1
43	https://wr.content4travel.com/itk-pl/img/djekart_0.jpg?version=20240202-0955&source=lib&width=1200&imgTag=1
43	https://wr.content4travel.com/itk-pl/img/djekart_1.jpg?version=20240202-0955&source=lib&width=1200&imgTag=1
43	https://wr.content4travel.com/itk-pl/img/djekart_2.jpg?version=20240202-0955&source=lib&width=1200&imgTag=1
43	https://wr.content4travel.com/itk-pl/img/djekart_3.jpg?version=20240202-0955&source=lib&width=1200&imgTag=1
43	https://wr.content4travel.com/itk-pl/img/djekart_4.jpg?version=20240202-0955&source=lib&width=1200&imgTag=1
44	https://wr.content4travel.com/itk-pl/img/rholipp_0.jpg?version=20240215-1528&source=lib&width=1200&imgTag=1
44	https://wr.content4travel.com/itk-pl/img/rholipp_1.jpg?version=20240215-1528&source=lib&width=1200&imgTag=1
44	https://wr.content4travel.com/itk-pl/img/rholipp_2.jpg?version=20240215-1528&source=lib&width=1200&imgTag=1
44	https://wr.content4travel.com/itk-pl/img/rholipp_3.jpg?version=20240215-1528&source=lib&width=1200&imgTag=1
44	https://wr.content4travel.com/itk-pl/img/rholipp_4.jpg?version=20240215-1528&source=lib&width=1200&imgTag=1
45	https://wr.content4travel.com/itk-pl/img/fahpubr_0.jpg?version=20231031-1035&source=lib&width=1200&imgTag=1
45	https://wr.content4travel.com/itk-pl/img/fahpubr_1.jpg?version=20231031-1035&source=lib&width=1200&imgTag=1
45	https://wr.content4travel.com/itk-pl/img/fahpubr_2.jpg?version=20231031-1035&source=lib&width=1200&imgTag=1
45	https://wr.content4travel.com/itk-pl/img/fahpubr_3.jpg?version=20231031-1035&source=lib&width=1200&imgTag=1
45	https://wr.content4travel.com/itk-pl/img/fahpubr_4.jpg?version=20231031-1035&source=lib&width=1200&imgTag=1
46	https://wr.content4travel.com/itk-pl/img/tiablue_0.jpg?version=20231201-1059&source=lib&width=1200&imgTag=1
46	https://wr.content4travel.com/itk-pl/img/tiablue_1.jpg?version=20231201-1059&source=lib&width=1200&imgTag=1
46	https://wr.content4travel.com/itk-pl/img/tiablue_2.jpg?version=20231201-1059&source=lib&width=1200&imgTag=1
46	https://wr.content4travel.com/itk-pl/img/tiablue_3.jpg?version=20231201-1059&source=lib&width=1200&imgTag=1
46	https://wr.content4travel.com/itk-pl/img/tiablue_4.jpg?version=20231201-1059&source=lib&width=1200&imgTag=1
47	https://wr.content4travel.com/itk-pl/img/mbajumb_0.jpg?version=20240104-1529&source=lib&width=1200&imgTag=1
47	https://wr.content4travel.com/itk-pl/img/mbajumb_1.jpg?version=20240104-1529&source=lib&width=1200&imgTag=1
47	https://wr.content4travel.com/itk-pl/img/mbajumb_2.jpg?version=20240104-1529&source=lib&width=1200&imgTag=1
47	https://wr.content4travel.com/itk-pl/img/mbajumb_3.jpg?version=20240104-1529&source=lib&width=1200&imgTag=1
47	https://wr.content4travel.com/itk-pl/img/mbajumb_4.jpg?version=20240104-1529&source=lib&width=1200&imgTag=1
48	https://wr.content4travel.com/itk-pl/img/lpamira_0.jpg?version=20231031-1049&source=lib&width=1200&imgTag=1
48	https://wr.content4travel.com/itk-pl/img/lpamira_1.jpg?version=20231031-1049&source=lib&width=1200&imgTag=1
48	https://wr.content4travel.com/itk-pl/img/lpamira_2.jpg?version=20231031-1049&source=lib&width=1200&imgTag=1
48	https://wr.content4travel.com/itk-pl/img/lpamira_3.jpg?version=20231031-1049&source=lib&width=1200&imgTag=1
48	https://wr.content4travel.com/itk-pl/img/lpamira_4.jpg?version=20231031-1049&source=lib&width=1200&imgTag=1
49	https://wr.content4travel.com/itk-pl/img/rhowhit_0.jpg?version=20231031-1130&source=lib&width=1200&imgTag=1
49	https://wr.content4travel.com/itk-pl/img/rhowhit_1.jpg?version=20231031-1130&source=lib&width=1200&imgTag=1
49	https://wr.content4travel.com/itk-pl/img/rhowhit_2.jpg?version=20231031-1130&source=lib&width=1200&imgTag=1
49	https://wr.content4travel.com/itk-pl/img/rhowhit_3.jpg?version=20231031-1130&source=lib&width=1200&imgTag=1
49	https://wr.content4travel.com/itk-pl/img/rhowhit_4.jpg?version=20231031-1130&source=lib&width=1200&imgTag=1
